sample,analysis_type_uid,PC1,PC2,PC3,PC4,PC5,PC6,PC7,PC8,PC9,PC10,PC11,PC12,PC13,PC14,PC15,PC16,PC17,PC18,PC19,PC20,PC21,PC22,PC23,PC24,PC25,PC26,PC27,PC28,PC29,PC30,PC31,PC32,PC33,PC34,PC35,PC36,PC37,PC38,PC39,PC40,PC41,PC42,PC43,PC44,PC45,PC46,PC47,PC48,PC49,PC50,PC51,PC52,PC53,PC54,PC55,PC56,PC57,PC58,PC59,PC60,PC61,PC62,PC63,PC64,PC65,PC66,PC67,PC68,PC69,PC70,PC71,PC72,PC73,PC74,PC75,PC76
B6/B19i-B6b-B19af-B6a-B6e-B6g,868864,-0.2755794366470177,-0.003081474661376243,0.002230409304499789,-0.0054605063881984555,-0.052638666970295955,0.0011516652587836,-0.000438530269960137,-0.0020307297555992483,-0.0014841239088155922,-0.0063698380962679295,-0.00504071032060114,-0.0007519073940096911,0.0020756047314747436,0.0028730837165397835,-0.00019944244257404304,0.0006569696917080551,0.0027727993160909354,0.0002491737264382399,-0.010213223872120489,-0.00014160475350770475,-7.815471565946197e-05,-0.00023586884772354864,0.00038682983894967936,0.0005983170722438847,0.00015003465989859853,0.0007507484725328044,-0.00044951813208258916,0.00025419087486161144,-0.00013164386047759751,0.0008859092596134015,0.0007436210243103209,0.009438728729765722,-0.0004247920560829776,-0.0005462302135899174,-0.00026553939561263875,0.0017123944735399606,-0.0008199713608202749,0.0012415399686647112,0.0010281039446600373,-0.00019859254463202287,-3.6488220939036686e-05,-0.0007808152038479097,-0.00031440569105456017,0.0007746878161276332,-0.0008157279625226806,-0.00013766973542405283,-2.5358344156303818e-05,0.0,0.0,0.0,0.0,0.0,0.0,0.0,0.0,0.0,0.0,0.0,0.0,0.0,0.0,0.0,0.0,0.0,0.0,0.0,0.0,0.0,0.0,0.0,0.0,0.0,0.0,0.0,0.0,0.0
B6/B6e/B19af-B6b-B19i-B6a-B6g-B19ag,868865,-0.2681001573434046,-0.0025240781575355674,0.002187266615359372,-0.0051361602453944884,-0.047081635123008066,0.001859920215324858,0.0003002783718128024,-0.0010157111593251669,0.0006972682820908571,0.004284247665690896,0.004169224377848291,0.0008486735944478426,-0.00200283234528246,-0.002949287429541428,-9.565786949108058e-05,-0.00013701897765777077,-0.00022701847885507926,0.0012956306301833544,-0.013620609984792633,-0.00021247780368695968,-0.00033093692184796005,-0.0016953665017800192,-0.0005890396441147834,-0.0004137228921619558,-9.67649605559373e-05,0.00010310019391360863,-0.0006663718377850568,-0.000660660073617823,5.049191437517493e-05,-0.00035074361344289656,-0.00039745122617900017,0.007149941003868165,0.0006121015470884841,0.0009675002096994197,0.00038962863307195786,-0.0022709392218457757,0.0010493396789544892,-0.0015611223761122263,-0.0011777110351985707,0.00024949325463477056,4.460791394620909e-05,0.0008473086960550525,0.00032538276161615646,-0.0009486376418346707,0.0009430366209010426,0.00016171054343859065,2.890116245974051e-05,0.0,-0.0,-0.0,-0.0,0.0,0.0,0.0,0.0,0.0,0.0,0.0,0.0,0.0,0.0,0.0,0.0,0.0,0.0,0.0,0.0,0.0,0.0,0.0,0.0,0.0,0.0,0.0,0.0,0.0
B6e-B6o-B6p-B19i-B6,868895,-0.28414285504897424,-0.0016397856478893207,0.002054289541982153,-0.0069409162734299324,-0.07117540847208875,-0.000818963250169592,-0.0013774611393098618,-0.0030033940750857566,-0.002454427848973583,-0.008945767842163365,-0.006181583570835296,-0.00037390901819499815,0.0009281162754356934,0.0009457774391860827,0.0003635663079355092,-0.00022490465773177074,-0.0014248797195648589,-0.0021416466181610923,0.031170464296406655,0.000517876740678053,0.0011083600723355096,0.00482756958176075,0.0008083768445670116,0.0003728989206399282,7.079051846029865e-05,6.36486235716234e-05,0.00010404936739691831,0.00016218732377534312,-1.5669249187444566e-05,8.115906383405505e-05,5.552149130152097e-05,0.000645781747329511,2.0077335231390544e-05,5.036010696605001e-05,2.8881799430933e-05,-0.0001924197903358713,9.279715905485387e-05,-0.00014690014559583985,-0.0001241054681487947,2.844650781815869e-05,6.220143582575785e-06,0.00011143691387912133,4.1476574174853314e-05,-0.00013885940699977597,0.00014040906857204637,2.480389450470974e-05,4.4835388943074325e-06,0.0,-0.0,-0.0,-0.0,0.0,0.0,0.0,0.0,0.0,0.0,0.0,0.0,0.0,0.0,0.0,0.0,0.0,0.0,0.0,0.0,0.0,0.0,0.0,0.0,0.0,0.0,0.0,0.0,0.0
B19i/B6g-B6-B6a-B6i-B6b-B19af-B6h-B19as-B6c,868661,-0.2780035023996293,-0.0010811666823619193,0.0021752866858344108,-0.007007781566746787,-0.07164256419831636,-0.000291019988449584,-0.0015304116101971033,-0.0029343816447012436,-0.002643420038701836,-0.009827965531398681,-0.006869277248937501,-0.0003727426506031622,0.0009177861467260189,0.0006933459806964964,0.00037922939739381655,-7.896204865650186e-05,-0.0004623473636533546,-0.0007060496435390567,-0.014674007358639161,-0.0003093675264181604,-0.0007404090831778336,-0.002848056527943832,-0.0002519704322095071,-0.0003417814842065327,-2.2316981095515092e-05,-0.0009183870588534844,0.0011019210578449422,0.0005470284907138006,5.026931957690785e-05,-0.0003451758081856467,-0.00022354055504986953,-0.012826586562521523,-0.00016472667456721333,-0.00034586784253752464,-0.00010115131127901792,0.00044424274836337156,-0.0001820661952782546,0.00025425215730909447,0.00011924947214440286,-4.167695677097011e-05,-5.893320704593901e-06,-5.3002032755828566e-05,-1.105469605806404e-05,0.00012279340336963828,-8.855158434028635e-05,-1.6495803092251382e-05,-2.2514044592176023e-06,0.0,0.0,0.0,0.0,0.0,0.0,0.0,0.0,0.0,0.0,0.0,0.0,0.0,0.0,0.0,0.0,0.0,0.0,0.0,0.0,0.0,0.0,0.0,0.0,0.0,0.0,0.0,0.0,0.0
B6e,869002,-0.24011502169040333,-0.00377658724651835,0.0023028162476718627,-0.001961982402024391,-0.005126420159722645,0.005660352934397074,0.0031057524200204857,0.002476678367687276,0.0061299559990297976,0.02743438741485874,0.022396160282086172,0.0031672224451946393,-0.0076139103706183466,-0.010578126015891372,-0.00032307453114878757,-0.0008131063310260716,-0.002774355618396497,0.0024143109258833095,0.00466092295896962,0.00011535007524914937,0.0005785349290385733,0.0020776474423253133,-0.0004966198816124852,-0.0005917865911493002,-0.00019667451071517846,5.0094149217520615e-05,-0.0007646300633474072,-0.0009379022351374885,0.000108529860179222,-0.0007218130284338136,-0.0006540478993643475,-0.0023908952950102026,0.00026863963861936587,0.0002589177613321616,6.0188064883756246e-05,-0.00026887132005260633,0.00010780633168299969,-9.765980847817421e-05,-1.1578498405780365e-05,-2.834420614327223e-05,-1.2283398319388709e-05,-0.00015403865353590265,-4.541186931680137e-05,0.000309938660512077,-0.0003099457278946398,-5.9570771545291056e-05,-1.0426197180774107e-05,0.0,0.0,0.0,0.0,0.0,0.0,0.0,0.0,0.0,0.0,0.0,0.0,0.0,0.0,0.0,0.0,0.0,0.0,0.0,0.0,0.0,0.0,0.0,0.0,0.0,0.0,0.0,0.0,0.0
B1-B1fu-B1fv,868866,0.04499196850878809,-0.007915099832947496,-0.000318022105660953,0.003762622165661502,0.00018216789369952067,0.00018380287800655667,-0.007469219932083977,-0.005975363297866748,-0.00119202827889252,0.0010043151949750762,-0.00241599427723502,0.005141525158238743,0.00019593804073673768,-0.0026833598539535014,-0.0009961499731912253,0.0010151705533371059,-6.127681432202703e-06,-0.0022504267304400325,2.4236133882004783e-05,-0.009020716634344561,-0.001963734430117815,-0.000527340290906432,0.018390596853590246,-0.022936020849709447,-0.0016982175253280587,0.003559243514460265,-0.0036976113680713242,-0.006129640354748954,-0.0011648438001795789,-0.0013572594052123767,0.00012069008889180956,9.241477031979603e-05,-0.0006766385616323992,-0.0004577149594732355,-0.00011106042176257301,0.00045125214248693986,-0.00021627768061872177,0.00019848280443173082,-8.592056349930617e-05,6.463302412758971e-05,-1.1569997573184638e-06,-3.414468391926312e-05,3.281877785681235e-05,0.00011326044381403977,-1.5657682140965007e-05,-6.296878425412713e-06,-3.5407966639763113e-06,0.0,0.0,-0.0,0.0,0.0,0.0,0.0,0.0,0.0,0.0,0.0,0.0,0.0,0.0,0.0,0.0,0.0,0.0,0.0,0.0,0.0,0.0,0.0,0.0,0.0,0.0,0.0,0.0,0.0
B1do-B1-B1fw-B1ei,868868,0.04763595601232733,-0.010618711986921874,-0.005367070072837939,0.02867409521152885,-0.0034946266812487703,-0.0001607337008036235,0.0075896924000170545,0.004881540455368869,0.002379849133869084,0.0012013578432805217,-0.002425495750320381,-0.0008666683911609943,0.00038110566247926927,-0.0016002792833746924,0.0009045032896381682,-0.008086277930023054,0.0018491081975598707,0.00101051168398063,4.287904785398089e-05,0.0005731804182749694,0.0004514216073577977,-0.00020565837997052174,-0.0003759598752830286,0.0002695865906723656,-0.001260819143877992,0.0029274825810924584,0.001074322069729548,0.0007001606504889747,-7.5809862513771255e-06,0.00021234206986259574,0.0003707621733541588,-4.4718430784703436e-05,-0.0012621034144504905,0.000225971211984146,6.19850122872296e-05,-0.0009096783931447935,-0.0014180068930352264,0.00038836932616009634,-2.6390388229238054e-05,4.523790303714112e-05,0.0032468245420864384,-0.00013506432262646909,9.283023016668481e-05,0.00015541992936149863,-6.127716700793469e-05,-1.3507785568240195e-05,-7.92442120156018e-06,0.0,0.0,-0.0,0.0,0.0,0.0,0.0,0.0,0.0,0.0,0.0,0.0,0.0,0.0,0.0,0.0,0.0,0.0,0.0,0.0,0.0,0.0,0.0,0.0,0.0,0.0,0.0,0.0,0.0
B1do-B1-B1fw-B1ei-B1ej,868870,0.046238054091088054,-0.01042134891887835,-0.004667004581914747,0.02695068925568225,-0.0032357665910501365,-0.0001277083739518156,0.007068544671559833,0.004496378217153724,0.002424008982449126,0.0012622811378315746,-0.002695994599377816,-0.0008064284665227181,0.00038367384400937596,-0.00181951924428187,0.0009268431136023668,-0.006519938559730808,0.001329305141340275,0.0010833564787174216,2.7966291184798027e-05,0.000865213803122791,0.0005450320584354803,-0.00019914703772285183,-0.0005417850091670147,0.00029409011996967005,-0.0012496545906321263,0.0027480238036184084,0.0007066692446898199,0.00010742250931721202,-0.0005365917119661179,0.0014668248225721506,0.0009071573863408269,-0.0001193971535486545,-0.0006413779377684772,1.1174683134543967e-05,4.5048718306122116e-05,-0.0009562745016848119,-0.0013586302393986847,0.0003207708314194608,-1.7937166230436715e-05,2.021088577439455e-05,-0.0016533905881870464,5.993790462685352e-05,-4.366562095819018e-05,-6.154343321900062e-05,3.998263134697368e-05,1.1691645024449435e-05,1.1289156196153701e-05,0.0,-0.0,0.0,-0.0,0.0,0.0,0.0,0.0,0.0,0.0,0.0,0.0,0.0,0.0,0.0,0.0,0.0,0.0,0.0,0.0,0.0,0.0,0.0,0.0,0.0,0.0,0.0,0.0,0.0
B1-B14b-B1x-B1bh-B1be-B1g-B6n,868873,0.04989223747729403,-0.013399298222671743,-0.004291547074378704,-0.011663116290758875,0.00047454448661375236,0.00015429340995949756,-0.00022506611367330222,-0.0003102378973477422,0.0004264413561212169,-0.003507091794712018,0.006683166127405368,-0.0011498771696307093,0.003914273207584859,-0.0006572841589604124,0.01573748197796972,0.0011079671915681156,0.0021841924955683673,0.0013086219216856003,0.00012287776371222396,0.0001126228760017325,-0.0015106626249389318,-0.00019942947577507008,0.0014396737278214104,0.001192875019843863,0.013697579808029322,0.0027996617244481045,0.00935728238467502,-0.0033955654076063737,-0.011185687063109592,-0.0024131541120362247,-0.004861764270155978,0.0002675230417166681,0.0014081436852996549,0.0009883132332742066,0.00014368600150221414,5.880593345597833e-05,-0.00017238576194558768,-0.0003839725532930079,0.0002478882652656943,-0.0007739014716315506,1.8071558070825708e-06,9.121467697675125e-05,-0.00018520826393057606,-0.00010497765230915048,-9.704683849916751e-05,-9.996786508603328e-06,1.262919020631411e-05,0.0,0.0,-0.0,-0.0,0.0,0.0,0.0,0.0,0.0,0.0,0.0,0.0,0.0,0.0,0.0,0.0,0.0,0.0,0.0,0.0,0.0,0.0,0.0,0.0,0.0,0.0,0.0,0.0,0.0
B1/B1do,868874,0.03618519150655991,-0.008889285731259251,0.0005914948132775132,0.013413428563611034,-0.001204954211258483,0.00012508088720636343,0.002559905838615332,0.0011735525993836673,0.0025973863474067996,0.0017102712067019778,-0.00463818009132484,-8.132168688826e-05,0.00042034603661085903,-0.0034256321190060703,0.001225755337884223,-0.0010219601179827405,-0.000661391099517035,0.0016049350981897897,-2.0268536582816004e-05,0.001948634308168473,0.0010091920241743478,-0.0002808504600395846,-0.0008564190162120678,0.0004849963960529633,-0.00133893319501618,0.0022703185921783605,-0.0002521702311825616,-0.0010122512251066291,-0.0013587755214555725,0.004197307427033766,0.0027157890006713134,-0.00025484101251321004,0.00175533288388532,-0.0011141726075692376,-0.00014193290243365883,0.0009535953036298861,0.0007575663627523556,-0.0001126150602170264,-0.0005384778478769301,0.00010263591255487349,-0.0008879366052930151,-9.979687800382015e-06,3.097761762260525e-05,0.000146980770585891,-8.353493136700013e-06,-1.3326038979529683e-05,-1.2992415819628345e-05,0.0,0.0,0.0,0.0,0.0,0.0,0.0,0.0,0.0,0.0,0.0,0.0,0.0,0.0,0.0,0.0,0.0,0.0,0.0,0.0,0.0,0.0,0.0,0.0,0.0,0.0,0.0,0.0,0.0
B1do/B1ec-B5aj-B1,868875,0.0658076568271578,-0.013459894751374631,-0.014852969169017604,0.0531668646683214,-0.007167462504704219,-0.0006136438577579342,0.015581693856990996,0.010733785125391337,0.002129906877668364,0.0006086364877825731,0.0009480220709034128,-0.0018242027071004548,0.0006034179122315804,0.0011572985923723373,-0.000409790148175328,-0.0013117535531773912,0.002182012980259612,0.0004841279372598579,0.0001666158664578156,-0.0008618312579922957,-0.0008573468433815983,-0.0002751479848525684,0.0017599148930147732,0.0012917293668265528,0.0018610336201177258,-0.004289566484394301,-0.00010591576192199542,0.0016341734233842676,0.0023231971180145035,-0.005126152412147073,-0.001355789892400688,0.00035917257882328655,0.0009829856064291,-0.0006690315860033327,-0.00027928255333962667,0.003998977671147617,0.0045709213519073665,-0.0009491728822114736,-0.0002029040134281601,-1.976526764368545e-05,0.00046311571427093694,-1.506573049596017e-05,1.5241842187552441e-05,5.901008657357627e-06,1.665892554550415e-05,2.5613482870847874e-06,2.6122178244310424e-06,0.0,-0.0,0.0,-0.0,0.0,0.0,0.0,0.0,0.0,0.0,0.0,0.0,0.0,0.0,0.0,0.0,0.0,0.0,0.0,0.0,0.0,0.0,0.0,0.0,0.0,0.0,0.0,0.0,0.0
B1-B1br-B1dr-B1by-B1bw-B1dq,868887,0.08422381558503275,-0.023656925146994783,0.07012828188940581,-0.012910050927464306,-0.0003227772372825433,0.00015608099683579076,0.003393039292536005,0.0023421477471732323,0.0006796626908440328,-0.005057727553693089,0.011525143516138365,-0.006895905874608171,-0.008805472182676133,0.004480392096930435,-0.011191362459882476,0.0009579293595957981,0.005086111696648398,-0.006817400007178511,-0.00010111088812921664,0.0006541485359622323,-0.000856316029930801,-5.005871861518988e-05,0.0020223166541905296,0.0039933109846321145,-0.00715291490518573,-0.0011783460085804784,0.0022803211268049837,-0.0015378491359816044,-0.0043911607332831025,-0.001691329881201544,0.00015849142546426473,3.880358081189137e-05,3.967292586799438e-05,-0.0004029610103885516,-0.0006725353028172816,1.969415872829121e-05,-4.27240781291475e-05,-6.228906635705342e-05,2.2797368904198295e-05,-0.00010777958142303975,-3.863609458171565e-06,-4.896212610668853e-05,0.00011322134458183924,1.783592581468693e-06,-9.48437386050278e-06,-2.330122807204117e-06,1.4963484177776653e-05,0.0,0.0,-0.0,-0.0,0.0,0.0,0.0,0.0,0.0,0.0,0.0,0.0,0.0,0.0,0.0,0.0,0.0,0.0,0.0,0.0,0.0,0.0,0.0,0.0,0.0,0.0,0.0,0.0,0.0
B1/B1cg-B1fc,868903,0.050165466309566156,-0.00833462069800581,-0.002173196019723987,0.0051481045031999155,3.025320030380897e-05,0.00014406751762498332,-0.011777860520896782,-0.00926482827866493,-0.004320625181197901,0.0007343837316846438,-0.001413251640019732,0.035361440487968736,-0.012054670347203224,0.012495457648330339,0.001892947640244281,-0.0007164038539357406,0.00022977409441190142,0.00195986101037157,4.0158921527799426e-05,0.0029775205316717544,0.00039807978445930315,-0.00012863049374254286,-0.0012854944824630496,0.001325930663425786,5.466920722573958e-05,-0.00029370766274915486,-0.0003064085763006545,-0.0005245216412229181,-0.0001027979109988062,-0.0001126476253398282,0.00037407712340037613,-2.1004968509130796e-07,-0.0005206587240962926,-0.00012859397365766104,-2.342350069509528e-05,0.0001745726394688864,-8.22503463632794e-05,6.843657073143377e-05,-0.00025848975417959777,5.246919751667024e-05,3.861769873297066e-06,-9.688033577220622e-06,1.9215711415499e-05,3.815148733056769e-05,5.075808913392959e-05,5.729934964267643e-06,2.7591577394417936e-06,0.0,0.0,0.0,0.0,0.0,0.0,0.0,0.0,0.0,0.0,0.0,0.0,0.0,0.0,0.0,0.0,0.0,0.0,0.0,0.0,0.0,0.0,0.0,0.0,0.0,0.0,0.0,0.0,0.0
B1-B1br-B1dq,868908,0.07404781726559194,-0.020051003673184013,0.0581107210905388,-0.010250141970366295,-0.00022932198356778196,0.0001365892861305376,0.005525182140088308,0.003103828263476204,0.0022325687471232325,0.002619055608893888,-0.003277121920765977,-0.004591365269719298,-0.01207886515544898,0.0033523787051608018,0.0021190242169336643,0.0018840252777899962,0.0041025869804880875,0.0020737906552299175,0.0003561233893801719,-0.0034806835952380507,-0.001665687227541924,-0.0006370324014793537,0.0038485007950352272,9.426659898909951e-05,0.0030056593752539867,0.0012158678469321494,0.0029777017298897933,0.003461400013097428,0.0008092746764360154,0.0026082727822379892,0.0005691627994692467,-0.00021230855672604485,0.0007853707937951071,0.0009553310344057917,0.0010235462914806588,-0.002961312973568661,0.003684368564557433,0.005164124780243592,0.0003276521163297262,0.0015147990888633174,-1.7313500900151376e-05,-0.00017310242080883972,0.0003212283395188804,0.0002486474096714361,0.00015602780152235108,1.3506885603509286e-05,-4.5336224041065154e-05,0.0,-0.0,0.0,0.0,0.0,0.0,0.0,0.0,0.0,0.0,0.0,0.0,0.0,0.0,0.0,0.0,0.0,0.0,0.0,0.0,0.0,0.0,0.0,0.0,0.0,0.0,0.0,0.0,0.0
B10-B10a-B1,868909,0.08328925742311374,-0.009843629066514443,-0.015773102790401453,0.014343792218453784,-0.001341814921164717,-0.0003319474882261832,-0.05730506354813709,-0.04542883276867672,0.05948226835062916,0.007179038463618232,-0.01300997024518092,-0.0107005077728853,0.0008883794461348924,-0.0019358434661498139,0.0013561461967958367,-0.00046949717688059555,0.0002619948930838114,0.0017972817311537838,4.9264720624621954e-05,0.0023956943488134936,0.0003455752318770525,-0.00016736374323402122,-0.0009567433227762675,0.0012159970505125493,5.685969594018821e-05,-0.00029517833098843306,-0.0002816136832340713,-0.00051708624517967,-0.00013051200991320762,-0.0001727404029128806,0.00021362463545214372,9.679961494719067e-06,-0.0002874137398681046,-0.00012525724695584703,-2.945146139179832e-05,0.00013877981405993354,-6.678339103394668e-05,6.067974132450418e-05,-5.1886847213157475e-05,2.2895071156884696e-05,-1.750137590140365e-08,-1.0606661339863587e-05,1.0524395043748793e-05,3.578487981635769e-05,-4.132041824143817e-06,-1.9414558048856243e-06,-1.1324593952900496e-06,0.0,0.0,0.0,-0.0,0.0,0.0,0.0,0.0,0.0,0.0,0.0,0.0,0.0,0.0,0.0,0.0,0.0,0.0,0.0,0.0,0.0,0.0,0.0,0.0,0.0,0.0,0.0,0.0,0.0
B5/B1-B1do,868917,0.02185768747959065,0.004833337181296467,0.0016699065285452847,0.01868831252686299,0.0007647166492080615,0.000286077333949697,0.007815276472892662,0.0066354507353891395,0.0024897974808416965,-0.005956247826034808,-0.010126644114110087,-0.003931495982480249,-0.00545029900601419,-0.007627025443763047,0.005785590635949882,-0.005560304913648594,-0.011168366998694574,-0.0011155394021301766,-0.0008456284266047467,0.006752840058458169,0.00406187442294822,0.0012579653622067242,-0.00838353613666805,-0.0024435864803212274,-0.0024386866710909088,0.0032011135727371383,-0.004113481001568589,-0.005512500680368012,-0.0012889491746307345,0.0003942192961275102,0.0002080622860410312,0.00022420681367129266,0.001480651067196545,-0.0006063841833186678,-0.00011574896788966161,0.000849471042130456,-3.6581515006972094e-05,0.0003682586546953287,0.0002081733225277443,7.907256945108624e-05,-5.3583413638641966e-05,-5.578687593643279e-05,3.1908102031142595e-05,0.0002099280908995776,-0.00010316690755144541,-2.0884241777545435e-05,-8.910074762905652e-06,0.0,0.0,0.0,-0.0,0.0,0.0,0.0,0.0,0.0,0.0,0.0,0.0,0.0,0.0,0.0,0.0,0.0,0.0,0.0,0.0,0.0,0.0,0.0,0.0,0.0,0.0,0.0,0.0,0.0
B1/B19,868918,-0.11883064261630588,-0.061750042815456735,0.0006371790620803222,0.009047509663398106,0.034936845658344734,0.0014708634652568818,-0.009032981478075134,-0.004665758619309025,-0.010645530025052096,-0.03616733815419842,-0.021555020562917127,0.0020787980032587593,-0.004836578422092322,-0.012257647375565329,0.002347232397687138,-0.0016034593568716587,-0.007437000100264621,-0.004379432947738571,-0.00047305246979146307,-0.00031316941423492633,-0.00032603086240994196,0.00048054655678440427,0.000758985029618454,-0.0002553330112527527,2.912190287572893e-05,-0.0017845126460713536,0.001766766905564087,0.0008813122035331366,7.306312827670661e-07,4.6389252425440624e-06,-1.1783523001232512e-05,-4.242697737396833e-05,8.885449219270773e-05,0.00018351853713571208,6.884081223799965e-05,-0.0003809411906708633,0.00016489406746206053,-0.00022515676046517058,-0.00011895139932114968,2.4452468937175067e-05,4.0049447473548325e-06,1.776154233810659e-05,-3.6117921355357228e-06,-8.676560422946595e-05,5.2684948491224715e-05,9.98709851652466e-06,1.5695922287231988e-06,0.0,-0.0,-0.0,-0.0,0.0,0.0,0.0,0.0,0.0,0.0,0.0,0.0,0.0,0.0,0.0,0.0,0.0,0.0,0.0,0.0,0.0,0.0,0.0,0.0,0.0,0.0,0.0,0.0,0.0
B1ec-B1,868930,0.06767396053581885,-0.013333445262421148,-0.01530064751839182,0.052552341121623866,-0.007081042072173949,-0.0006233685208022296,0.014646635565499739,0.010119893515416038,0.0016168969555989722,0.0002522277750685553,0.0014723819350046122,-0.001660102130524396,0.0002815513170782916,0.0015768361688884669,0.00013528120131821005,-0.020899800106317402,0.006870843699156908,-0.0002351754457737904,0.00022473455400238756,-0.0029041569966344514,-0.0014571225710058825,-0.00018713380421837326,0.002654656037961251,0.0012430644058857025,0.004073296325361703,-0.01023193640361199,-0.004015653325219253,-0.0035314813922692166,-0.0020402742006591203,0.00505289311169041,0.0019305362174143572,-0.0002599400339920119,0.003297197310885041,-0.0008251019682104481,-5.6914964330060795e-05,-2.2149120213419203e-05,0.0005764729821627946,-0.000347447402153804,3.256875538538883e-05,-6.644159777090715e-05,0.00048159307814617746,1.4616241909312828e-05,-7.578072387142705e-06,-0.00011124427845727104,5.1196404524647946e-05,1.1535793941206194e-05,5.907445283826044e-06,0.0,-0.0,-0.0,0.0,0.0,0.0,0.0,0.0,0.0,0.0,0.0,0.0,0.0,0.0,0.0,0.0,0.0,0.0,0.0,0.0,0.0,0.0,0.0,0.0,0.0,0.0,0.0,0.0,0.0
B1,868931,0.02739474597036271,-0.007488350253351739,0.005287904836139718,0.0007957738589798683,0.0006534973351876736,0.0003506161582734683,-0.0018689187758980721,-0.0020992565276104274,0.002578428974113649,0.0022883952453725334,-0.005917368135298351,0.0008209904254476241,0.0007713285043581098,-0.004288907459360931,0.0009547849822150053,-3.630781398314087e-05,0.0004891894563480465,0.0021818555415830626,0.00013149179675783028,0.0009383728812511616,0.0002609455469870617,-0.0006971645190377269,0.001642048402885136,0.0016603364012119483,0.0002886127582378091,-0.0016595295257188054,0.0001311706852835236,0.0013599360860235246,0.0006221221142419758,0.0010526302846650952,0.0023145722494176332,-0.00014462390132992777,-0.00258995097393068,-6.083920077550259e-05,6.43472562743171e-05,0.000398954186724393,-0.0001650110920624759,0.00012591703782964702,-0.0019461349648317952,0.00028468273397267997,4.8699569474100975e-05,1.1001427048776255e-05,5.102117765273253e-05,6.348668433408434e-05,0.00044691901808649557,5.586029874025464e-05,-2.9765976485601065e-05,0.0,-0.0,-0.0,0.0,0.0,0.0,0.0,0.0,0.0,0.0,0.0,0.0,0.0,0.0,0.0,0.0,0.0,0.0,0.0,0.0,0.0,0.0,0.0,0.0,0.0,0.0,0.0,0.0,0.0
B1-B1a,868603,0.03213716904731056,-0.007584375601601561,0.003780703637113248,0.0015694413427907274,0.0005247602710213441,0.00030436034178393746,-0.0032471400268161703,-0.003037565257014327,0.0016072944940905705,0.0019232001336495072,-0.00492212463979157,0.0017188187232095517,0.0006172662298433965,-0.003739968229061459,0.0005462764106414447,0.00015503438176664628,0.0003660008786904282,0.0013692327234009916,0.00010317456208446588,-0.00022474534576944063,5.2394240128452225e-05,-0.0005759171229037765,0.0022170658520193104,0.0007349598055805504,0.0002423240307945587,-0.0013930382545781544,0.0004565564760080635,0.0020959455256677876,0.0009280973828686646,0.0015704501250788875,0.0020417604788220164,-0.00019789385198449035,-0.0018409251618033346,0.000974351460466743,0.0006340861269483039,-0.0025861447792011475,0.0019224140411146198,-0.003386519318978873,0.005695819076869631,0.0002555167248216009,-3.7233613972986493e-05,-0.0001791602607950298,0.00014448272663874882,0.0005174573537999708,-0.00010615402078846311,-2.72179903184437e-05,-1.4845531464315278e-05,0.0,0.0,0.0,0.0,0.0,0.0,0.0,0.0,0.0,0.0,0.0,0.0,0.0,0.0,0.0,0.0,0.0,0.0,0.0,0.0,0.0,0.0,0.0,0.0,0.0,0.0,0.0,0.0,0.0
B1/B5,868614,0.008974027780985898,0.006027917579746659,0.007163644844491045,-0.000568831503699513,0.003646420134993276,0.0006858290845417087,-0.0006208775423055316,0.00033627294137413954,0.0007302363872437105,-0.006294899730736712,-0.010393235594266283,-0.00039667479382322565,-0.005546789396639795,-0.011126314990325384,0.004617984290996321,-0.0024400375085201153,-0.009323488291068908,-0.003384095616043812,-0.0007677574264072544,0.0028870648727889873,0.0015601219493988092,0.0008908914115546368,-0.0020477080664000093,-0.0006189962325572907,0.0007857839436915805,-0.004570806635171635,-0.0015954332915129746,-0.0009465352064595742,0.0009701359256083081,-0.0032185909303235833,-0.001315814778643258,0.000713119972098961,-0.0012202544663775358,0.0013340772833122408,0.0003530234806383712,-0.0014869886395020792,0.0003161858132851935,-0.0006614828490456559,-0.0003821585017942895,0.00013727616785985907,5.7748711352657385e-05,0.00011174814508778046,1.1026736091117422e-06,-0.00027680305854535476,0.00010392206971927428,2.1457709256924924e-05,1.3944200999347937e-06,0.0,-0.0,0.0,0.0,0.0,0.0,0.0,0.0,0.0,0.0,0.0,0.0,0.0,0.0,0.0,0.0,0.0,0.0,0.0,0.0,0.0,0.0,0.0,0.0,0.0,0.0,0.0,0.0,0.0
B1-B1g,868625,0.033235693297992225,-0.009195133340841849,0.012377878726466429,-0.0007767225922420043,0.0005382286106209921,0.0003251871374465738,-0.0008380051351590236,-0.0013966040406043227,0.0025107663370448705,0.0024801612445450555,-0.005368566937851002,0.0013242354778401568,0.002439365566357753,-0.00441007069213418,0.002031556458911733,2.626659644127852e-05,0.0006044367426320725,0.002308225878240711,0.00013930357811976082,0.000994732906860586,8.136979973086434e-05,-0.0006663828456070464,0.0015560374425909185,0.0017120654300637305,0.0026244637849386237,-0.000994061108127761,0.001983922681074984,0.00032080197562746137,-0.003002320303073233,-5.413402023907178e-05,-0.00010875743422188615,7.501635454357118e-06,-0.0010887432433050884,0.0009325649261345839,0.00041526953840123604,-0.00025227750471412956,0.0006328798393539693,0.0013454933817851635,-0.0007466615438461117,-0.0009258442035036542,5.8960981510665405e-05,0.0003155857720357798,-0.0006213805783740597,-0.00043219926666882225,-0.0003013453771578901,-2.4349898433216177e-05,0.00013343410125895663,0.0,0.0,-0.0,-0.0,0.0,0.0,0.0,0.0,0.0,0.0,0.0,0.0,0.0,0.0,0.0,0.0,0.0,0.0,0.0,0.0,0.0,0.0,0.0,0.0,0.0,0.0,0.0,0.0,0.0
B1-B14e-B1ai-B1ao-B1x-B1am-B14c-B1j,868645,0.06952750401102079,-0.019821350791655225,-0.03882540272545858,-0.03581159094474254,0.0005384230965997923,-0.00019583467444462242,0.012362613267345259,0.008294491664532716,0.002300288162367949,0.005194271630094808,-0.009238710104519886,0.0005712450712470021,-0.0021669493351630536,-0.0008255831140487043,-0.0134990086822412,-0.0010399264627361637,-0.0016850500416745896,-0.00022734247315290372,-6.025524192357623e-05,0.0006445477567138276,0.008868017739537503,-0.0022068905601778147,0.0010188740334456162,-5.467829042326784e-05,0.0019093714708197204,0.00040631674088903593,-0.0006721217523035978,0.0008601105533172986,-2.060459908365909e-05,-0.00040418842534583753,0.0017079384261267658,-7.347276122987112e-05,0.00045539327897473075,0.0022797552340794716,-0.004725954578553007,-5.6296977460349204e-05,1.8746374664589748e-05,0.00019299123376938533,7.926880214362907e-05,0.0008691372556765213,1.3652442281261525e-05,0.00016605019512720245,-0.0004890817433464106,0.0005029650697099757,0.00026971993698341574,2.0641748829580688e-05,-1.362814691348337e-05,0.0,-0.0,0.0,-0.0,0.0,0.0,0.0,0.0,0.0,0.0,0.0,0.0,0.0,0.0,0.0,0.0,0.0,0.0,0.0,0.0,0.0,0.0,0.0,0.0,0.0,0.0,0.0,0.0,0.0
B1/B14e-B1x-B1ai-B1ao-B14c-B1j-B1am-B1an,868646,0.06673801848891765,-0.01903331758194647,-0.03589308441296566,-0.033394103406802655,0.0005496913988941317,-0.00015719591522193202,0.011305924623870513,0.0075286637146306104,0.0022755275781611525,0.004727565135831388,-0.008467416520137827,0.0004613511143440114,-0.0017936003686169143,-0.0010078538433074134,-0.011338189426165724,-0.0008206461219458203,-0.0012141088881877612,-0.00041035235898843864,-5.575906083450826e-05,0.000724809782219212,0.005966571908383027,-0.0014732179398868712,0.0006058306219904337,0.00011092938234042708,0.0016593044240457526,0.00031113814971783435,-0.00011942926083170478,0.0002478369547303317,-0.000459725771718436,-0.0005896604424206665,0.0013334958627749234,-4.211621447151969e-05,-0.00021964236865931763,-0.0009483399863972107,0.005232216206139438,0.000258716525605071,-0.0001149639538511224,-0.0002344639136450341,-0.00025780498900606735,0.000717869565293679,-1.6756805034954965e-05,-0.00042842338389828197,0.001238903708581416,-0.0015172355287969169,-0.0011314933738005779,-0.00012048254602355905,0.00025669710276371514,0.0,0.0,-0.0,-0.0,0.0,0.0,0.0,0.0,0.0,0.0,0.0,0.0,0.0,0.0,0.0,0.0,0.0,0.0,0.0,0.0,0.0,0.0,0.0,0.0,0.0,0.0,0.0,0.0,0.0
B1-B14e-B1x-B1ai-B1ao-B1am-B1j,868649,0.06195341406930748,-0.01761775245350499,-0.03070811077308303,-0.029030582322664693,0.0005648525708670161,-9.039749881714931e-05,0.00946520759759246,0.006171242227158931,0.002309234953810316,0.00437998142175719,-0.008128508035488709,0.0006506941430372103,-0.0014136617605700775,-0.0017606384472967245,-0.010682074702619096,-0.0006704422614479368,-0.0005168236900610129,-0.001323738826539285,-7.82885986031777e-05,0.0011730351928472534,-0.007306774228312035,0.0022204871259957036,-0.0030900798977394803,-0.0013325983037029367,0.003713165576902135,0.0011689735496750386,0.0004927436262386239,-0.0005106722868027018,-0.0005367687981552456,0.00012299807747422192,-0.0016612440298390523,7.711542101571418e-05,0.0004472737106950632,0.0003401203990728027,-0.0008404073739542815,-0.00011368349074237704,3.400588275928831e-05,-4.292378962998725e-05,0.0002763289169433666,8.902064621802206e-05,6.239881551575255e-05,0.0008132596895136872,-0.001909378540279671,0.00011782380084114478,-0.0003249601030381211,-5.7017702909692054e-05,0.00016974942403903524,0.0,0.0,-0.0,-0.0,0.0,0.0,0.0,0.0,0.0,0.0,0.0,0.0,0.0,0.0,0.0,0.0,0.0,0.0,0.0,0.0,0.0,0.0,0.0,0.0,0.0,0.0,0.0,0.0,0.0
B1-B5cc,868655,0.0273904775666698,-0.0074879483913026625,0.005289700277793643,0.0007933170852675987,0.000653851407057965,0.00035067898392924173,-0.0018660990741378616,-0.002097016403787187,0.00257592786624234,0.00228819444605166,-0.005917296821606973,0.0008177990611213511,0.0007727297751181894,-0.00429082156732244,0.000954208318377995,-2.7795526982895558e-05,0.00048685313204841315,0.0021814541176442192,0.00013142945717795315,0.0009388078474027715,0.00026090582470233986,-0.0006970890406699155,0.0016421914570598516,0.00166041726596086,0.0002886411463578254,-0.0016609911091099,0.00013100926154615975,0.001357894910247441,0.0006217579106759227,0.0010490484061444877,0.0023147429028042253,-0.00014438477145991256,-0.0026004429904507393,-5.988287628797545e-05,6.419622819166368e-05,0.000397168951120055,-0.00016842843300154037,0.00012842576676885774,-0.0019461094521193317,0.0002850482300370145,6.268729564602943e-05,9.966842742998003e-06,5.139055250330014e-05,6.795662856244404e-05,0.00044590746693354765,5.528910094619494e-05,-2.989088383763847e-05,0.0,0.0,0.0,-0.0,0.0,0.0,0.0,0.0,0.0,0.0,0.0,0.0,0.0,0.0,0.0,0.0,0.0,0.0,0.0,0.0,0.0,0.0,0.0,0.0,0.0,0.0,0.0,0.0,0.0
B1-B1dl-B1r,868658,0.03621574142092957,-0.008143757915099947,0.0017403148555195597,0.006336871260836481,-0.00020792202203289673,0.00020802497247548,-0.0019569387571732096,-0.002089510850898818,0.0013313699555360776,0.0018388785758039934,-0.0038422494500358053,0.0018457258292207787,0.0008347061755289015,-0.0027610261787058238,-0.0005638365514842017,0.014058618993418965,-0.0018549675705674116,0.0010990507572304902,0.000153352918469049,-0.0013917377707272727,-0.0005502004351857918,-0.0005659073257504321,0.0030983223056275846,0.0014521660452004456,0.0019825624447796413,-0.005196804910656471,0.0006260731088499679,0.004420978975066846,0.004656543330281598,-0.008135690216587197,-0.001660796730281349,0.0005366065392879664,0.0013276579148950392,-0.00064779005049354,-0.00014685503734823563,0.0016371748856002007,0.0013812206811814624,-0.00012151839501399891,-5.453153019206334e-05,2.9707450485236627e-05,-2.124889263506864e-05,-1.7528627187645808e-05,9.379180590752558e-06,7.401160831260356e-05,-3.4262486224692146e-05,-7.457921295452403e-06,-3.876629530915569e-06,0.0,0.0,-0.0,0.0,0.0,0.0,0.0,0.0,0.0,0.0,0.0,0.0,0.0,0.0,0.0,0.0,0.0,0.0,0.0,0.0,0.0,0.0,0.0,0.0,0.0,0.0,0.0,0.0,0.0
B1ec/B1do/B5aj-B1-B5db,868659,0.06703381500625935,-0.013480642004392637,-0.015292450198949032,0.05356727867840246,-0.00723203428579703,-0.0006305369452561657,0.015384483203960176,0.010618593094481142,0.001845013000397947,0.00045455964796093057,0.001337437150533699,-0.0016389235979028065,0.0005549010129875264,0.0014775979730355646,-0.0010389628448717605,0.015185054721635715,-0.002374778683031664,0.0001469250787608361,3.892812561965502e-05,0.0008100112474050214,-0.000656794185352955,-2.4623337138479166e-07,0.000597188917887306,0.0010518518068456468,0.0026167190975931484,-0.0064776597296474,-0.002838500936278354,-0.0029475036794612604,-0.001562628919244963,0.002554752931743175,0.0006694594696013069,-0.0001275383939049739,-0.0006973032862372342,0.00030453010933057873,7.234156399425201e-05,-0.0007141418930617252,-0.0008627472523533508,0.00023238799724710558,5.921885990699032e-05,1.722428742747279e-05,-0.002254808604101326,7.02484518822436e-05,-4.99392288442214e-05,-1.2438550767128021e-05,-1.5574075430367505e-05,-4.41845866293827e-06,-4.315327930335496e-06,0.0,0.0,-0.0,0.0,0.0,0.0,0.0,0.0,0.0,0.0,0.0,0.0,0.0,0.0,0.0,0.0,0.0,0.0,0.0,0.0,0.0,0.0,0.0,0.0,0.0,0.0,0.0,0.0,0.0
B1/B1au,868675,0.0369544166327377,-0.007807950428606055,0.002214622701212607,0.0023524775627933327,0.00041976263054922715,0.00026922971715788896,-0.005691667784684768,-0.004336592087954372,0.00012106525215872484,-0.0007990661077019463,-0.00015288332143789413,0.0017911854330213129,0.0007072880326676282,-0.0025546279730285885,-0.0021392788032222904,-0.0002909645891194266,-0.0013738943677865565,0.0027592502608242823,0.00013147683711750438,-0.0012308285644032247,0.0010950220322067466,-0.0006097888776696174,0.0009691730726472507,-0.0028654573331053364,0.0009504932966947979,-0.0010944994786658913,-0.0065206141548366904,0.012299808106262865,-0.002462781597635817,0.005774418059481594,-0.007243931192953632,-9.531824231986864e-05,0.0010905436141522332,0.003955176098101336,0.0006474399522366071,0.001230692602764036,-0.0006854051960323183,-0.00011988716179452061,-0.0002097412019476677,0.00016965459625261167,2.7623731441771104e-06,3.2343207785763806e-05,-1.5206863444693004e-05,-0.00023388332278829498,-0.00016686277420662035,-1.3908680369162557e-05,1.0067168052619963e-05,0.0,0.0,-0.0,0.0,0.0,0.0,0.0,0.0,0.0,0.0,0.0,0.0,0.0,0.0,0.0,0.0,0.0,0.0,0.0,0.0,0.0,0.0,0.0,0.0,0.0,0.0,0.0,0.0,0.0
B1-B1g-B1s-B1bz,868686,0.09426152589968058,-0.023972790311735343,0.06945688319611133,-0.01165148165173706,-0.0009152394152445859,-2.4566299464719042e-05,0.004082985090629712,0.001698459204589028,-0.001335849837206193,0.006314511608743164,0.0014673344189155342,0.022215424085358263,0.04837746954646785,-0.01501812245923027,-0.00097740099773837,-0.002074218694606417,-0.0037354108870327088,0.00013875151296833106,-0.00018815257172086097,0.0032832553562717314,0.001157319946208988,0.00022888427977180972,-0.0023449433880406664,0.00018270788430481711,-0.0010587910979975598,-0.0005894224124501887,-0.0014304252303326877,-0.0008677211118898853,0.0003826067554553176,-0.0003070715410197667,7.557103751221667e-05,2.0020587931748277e-05,-3.7887879635001894e-05,-8.703499106169569e-06,7.717223969543802e-05,-0.0002897370915425618,0.0004065499417120985,0.0006422557474540263,5.96494147491134e-05,0.00026464814498400167,-2.804895989158015e-06,-2.732677810318141e-05,5.8140391687079624e-05,2.226478125808692e-05,5.355293273949728e-05,7.795504608391275e-06,-7.104498591735093e-06,0.0,-0.0,0.0,0.0,0.0,0.0,0.0,0.0,0.0,0.0,0.0,0.0,0.0,0.0,0.0,0.0,0.0,0.0,0.0,0.0,0.0,0.0,0.0,0.0,0.0,0.0,0.0,0.0,0.0
B5/B19-B5p-B5bn-B5bk-B19ac-B5a-B1,868706,-0.08017413239477188,0.021658776793971705,0.003806100637318915,0.0003719426904604482,0.02380471959103097,0.0010873183533536273,0.001691494209342032,-0.0013070899078246165,-0.003432075856201171,-0.02766285618742216,-0.027535291739216584,-0.007989937799257931,0.017747723714281766,0.028385916833271102,-0.002439935181309897,0.0027803300215055145,0.011499851015202279,0.0030844288157609308,0.0002715201999076827,0.0002830864463213047,0.0006276757638962141,0.0016690173360169158,0.0003856682576507188,0.0011258430257934304,0.00014904686478140673,0.0019910853658820964,-0.0013803243173700975,-0.00037762656549202874,-5.636684836509331e-05,0.00029602092224757277,0.00025387373240034203,0.00025930277306779803,-0.00016580448043317507,-0.00027543159536445714,-8.762923240030618e-05,0.0004422066592559389,-0.00018434714683766953,0.0002371494417015225,9.825258005502675e-05,-1.8558746663731712e-05,-1.7379220985448955e-06,2.823699829444634e-05,2.177928546352948e-05,3.049989146180449e-05,1.1379375122948784e-05,1.4805360540675758e-06,5.828577875512378e-07,0.0,-0.0,-0.0,-0.0,0.0,0.0,0.0,0.0,0.0,0.0,0.0,0.0,0.0,0.0,0.0,0.0,0.0,0.0,0.0,0.0,0.0,0.0,0.0,0.0,0.0,0.0,0.0,0.0,0.0
B1-B1by-B1bw-B14h-B1x-B1dm-B1au,868764,0.04665292058097438,-0.011025369473300382,-0.00479719683065801,-0.00378630608720205,0.0004516669878829258,0.0002322380598936827,-0.008712713512310278,-0.005282893756560641,-0.002504978611134824,-0.012547208529470727,0.021717376708628913,-0.0037832831358991714,0.001576108760784839,0.0022058861822087153,-0.0020800544245865795,-4.668490587936414e-05,0.0012205464645048518,-0.00545250203339398,-0.0002485326458804152,0.0015449150683719893,0.0005151597275367267,0.0003231628498599805,-0.0012988570021464274,-0.00010991944927430958,0.0016606095261558044,0.0008606750525840095,-0.0018925438569470543,0.002480821642454854,-0.002090160428924953,0.0004670250148184276,-0.0013944811646113913,-2.7950497294717228e-05,-3.426648566463075e-05,-0.0005212764763375353,0.0007118966077247334,0.0009347798680941146,-0.000641760390643622,-0.0003242067551954819,-3.595655541316406e-05,0.0020101901955729873,-1.338722324695427e-05,-0.00017563601282395656,0.0003179639889973735,0.00036760822677309396,0.00025693814408144476,2.703454059403396e-05,-0.00012683978023203345,0.0,-0.0,0.0,-0.0,0.0,0.0,0.0,0.0,0.0,0.0,0.0,0.0,0.0,0.0,0.0,0.0,0.0,0.0,0.0,0.0,0.0,0.0,0.0,0.0,0.0,0.0,0.0,0.0,0.0
B1-B1by-B1dm-B1bw,868767,0.03728184007335073,-0.008364422340897893,0.0030929854939970255,0.0019549208535086407,0.0004507191949176623,0.00029666320636647086,-0.006995377920306696,-0.005027208278144761,-0.00041713548782235517,-0.004557369237993074,0.007035463032602143,-0.0005649300764480782,-0.00014444115066574776,-0.0011351328131736311,-0.008334600075074767,-6.597680710845287e-05,0.0016273782080330256,-0.005662733594192886,-0.00021234799693197208,0.0011394896944257535,-0.0001897483247306422,0.00010772995914800688,0.0011588288932592038,0.0022097542111132597,-0.003817213841454107,-0.0011556577563347447,0.0019182192690003973,-0.00276289066337747,0.0022233605407856057,0.0004355625607588535,0.0007447414652004423,-4.719048027662949e-05,8.032591629257639e-05,0.0013454219153961919,3.337912223356015e-05,-0.00022087575757410427,0.0003199692483514045,0.0005651373558764563,-0.0001545751184749231,-0.001049428426240523,2.256422001481068e-05,0.00022485917094559264,-0.0005741923153734067,0.0003535260713372381,0.00014106633889761876,-2.15755534606221e-05,0.0007497840007102281,0.0,0.0,-0.0,-0.0,0.0,0.0,0.0,0.0,0.0,0.0,0.0,0.0,0.0,0.0,0.0,0.0,0.0,0.0,0.0,0.0,0.0,0.0,0.0,0.0,0.0,0.0,0.0,0.0,0.0
B1-B1by-B1dm,868769,0.03810267055564289,-0.00840470305208568,0.0028458350239605247,0.002084692848812358,0.00043212255618186034,0.0002907953072175499,-0.0073466534981887575,-0.005254595706968231,-0.0006177245341266355,-0.0048543059018738835,0.007627415292295754,-0.0005037569017166147,-0.00015589396847136275,-0.001001074851986751,-0.00873830363979181,-6.697454451658316e-05,0.0017045722410778182,-0.00621817839533513,-0.00023703673935981446,0.0010667608981276087,-0.00024294226623141255,0.00016156224173469172,0.0012388393406589865,0.002214358681051445,-0.00398824378908073,-0.0011210002339842142,0.002194213126097318,-0.0031058414182943577,0.0026715660603189332,0.0005641599394441762,0.0007825235385331179,-6.099164080231664e-05,0.00035128934106748607,0.0018450938237607197,-4.133005753817698e-05,-0.00048403322786885554,0.0005488635590555718,0.000617415436025648,-0.00019138930514033252,-0.0016944778112937056,5.008561412703642e-05,0.00045846985617219356,-0.0007630758165953281,-0.0012794916557338713,-0.0009759274860871606,-6.348620436016149e-05,-0.0005728696165560594,0.0,-0.0,0.0,0.0,0.0,0.0,0.0,0.0,0.0,0.0,0.0,0.0,0.0,0.0,0.0,0.0,0.0,0.0,0.0,0.0,0.0,0.0,0.0,0.0,0.0,0.0,0.0,0.0,0.0
B1-B1by,868768,0.03411735608090344,-0.008054636368663508,0.004138683720539695,0.001557270779744991,0.0005053687394780395,0.0003098024637761537,-0.004954676041814104,-0.0038838184178331013,0.0007218774433870021,-0.001574065943069357,0.0015400627999800135,-7.132870760577816e-06,-0.0005120504513213332,-0.002173919611861874,-0.006498430244004438,5.3762826302827707e-05,0.0016978940009188884,-0.0031744097824405494,-6.669254769863542e-05,0.0008118561649719661,-1.7974721270732082e-05,-0.000348905678052299,0.0023012242408469844,0.0031202317000917053,-0.0065318847497518595,-0.002488401270099251,0.0014189568474898345,-0.0002630125720754485,-0.006038017955814558,-0.0021934967889773566,0.0006093702875360228,4.4520602513631476e-05,-0.0003516343380745227,-0.0009065356764890412,-0.0022821332517564525,-0.0008341470401515646,0.0003720776391276006,-0.0003845461012571714,-5.468758517190452e-05,-0.0005942545409486288,-2.7872488220471636e-05,-0.0002854472996633867,0.0008095189395256906,-0.0005001204962800698,6.750368493660932e-06,2.3350696853349993e-05,-0.0001232270025735748,0.0,-0.0,0.0,0.0,0.0,0.0,0.0,0.0,0.0,0.0,0.0,0.0,0.0,0.0,0.0,0.0,0.0,0.0,0.0,0.0,0.0,0.0,0.0,0.0,0.0,0.0,0.0,0.0,0.0
B1-B1x-B1ao-B1ai-B14e-B1j-B1am-B14b,868774,0.058844369420165715,-0.016919276371130425,-0.02744801434984942,-0.026308977890907775,0.0006075298880259984,-3.0440062065185612e-05,0.00688702721186206,0.00474675431068762,0.0015739544970303305,0.00039316591408942997,-0.0011969423890074628,-0.0009416566972469057,-0.0001492159324423507,-0.0007986211071445477,-0.006626611173653444,-0.0007369274481214778,-0.0008284130733944327,-0.0005963226054449839,-8.15661542286296e-05,0.0018479225082131876,-0.007905874228391632,0.0026290957216924342,-0.005402101230115525,-0.003108110990226465,0.009261478722738468,0.0029864997906856898,-0.002625112280500613,0.0027890657156419627,-0.0015323444577988743,-0.001626326903159566,0.0036794388179971415,-9.635527027437337e-05,-0.0016784331955483575,-0.004179443571750247,-4.576308969638584e-05,-0.0006997394517410527,0.000375735406254514,-0.00019098732597022238,-0.00015744700411913343,0.0007255049909974656,1.7127942146742184e-05,0.0001473016560906959,-0.00028170293184271946,-3.946133780495009e-05,0.00011880113555594222,2.255129870371817e-05,-6.127997194586706e-05,0.0,-0.0,0.0,0.0,0.0,0.0,0.0,0.0,0.0,0.0,0.0,0.0,0.0,0.0,0.0,0.0,0.0,0.0,0.0,0.0,0.0,0.0,0.0,0.0,0.0,0.0,0.0,0.0,0.0
B1-B1x-B1dm-B14h-B1by-B1bw,868800,0.045756562276690005,-0.011117174497634158,-0.0052173028075940585,-0.004709921612468863,0.00048051327899857604,0.00023035893034238078,-0.007442400865299807,-0.004581644131060023,-0.0019554826820315785,-0.011255984630077992,0.019595332267648185,-0.00367108799464033,0.0018285187787226349,0.001859943939421131,0.0018095554742484394,0.00031248689269435345,0.0020592389468525878,-0.0056792393845202195,-0.00024354242038076014,0.0016349752411397576,-0.001097870761048936,0.0006450793974258291,-0.0008794137803996827,0.0013008115854707568,0.002062665576317884,0.0011005082979587482,0.0025775692265848577,-0.004202385940959662,0.0011871748362477462,-0.0014056506010838847,0.0019630376074157557,1.3730411878769681e-05,-0.0004782509838815513,-0.0016498426966008168,-0.0006470850187089386,-0.0004908870967842977,0.00020869366309123256,-0.0001404477685079213,0.00016577721485412682,-0.0009152072486664047,-1.1299585057822186e-05,3.2617244021783936e-05,-0.00010113091655829759,0.00014828666028081431,0.00010542141261610812,5.220978920642491e-06,7.490392634114015e-05,0.0,0.0,-0.0,0.0,0.0,0.0,0.0,0.0,0.0,0.0,0.0,0.0,0.0,0.0,0.0,0.0,0.0,0.0,0.0,0.0,0.0,0.0,0.0,0.0,0.0,0.0,0.0,0.0,0.0
B1-B1by-B1bw-B1au-B14h-B1dm-B20b,868803,0.04382367705636297,-0.009516218314343098,-0.0004938944641120178,0.0007005276342093889,0.00039270180863230306,0.0002625451194080523,-0.010239077458877987,-0.00647449448640686,-0.0026398235720464856,-0.01155704086142582,0.019785526762884687,-0.0027647458080147704,0.00136518154542926,0.001795959504069932,-0.0020427300571492,-5.4304725263136725e-05,0.0006464270414308352,-0.003956896241902161,-0.0001749992715683042,0.0005772330484384913,0.0023307657432975006,-0.0002869807520533989,-0.00043378938163074216,-0.0008707043131618573,-0.00015485957973776732,0.00024272839568534587,-0.00446114185709643,0.005867022291217593,-0.0019419591435669884,0.00033948907937521246,0.0013997633994023131,-0.0001591134632143438,-0.0007902320085509288,-0.0018557985853425729,-0.0009406496982413293,-0.0007709114619748737,0.0005912854329892679,0.0002649341783955994,-0.00011004558860314223,-0.0010929329675205995,6.349596749040474e-06,6.57361506038186e-05,-4.354728331626393e-05,-0.00012331214967249457,0.00012222140921594511,2.092881981210017e-05,6.088349519296073e-05,0.0,0.0,-0.0,-0.0,0.0,0.0,0.0,0.0,0.0,0.0,0.0,0.0,0.0,0.0,0.0,0.0,0.0,0.0,0.0,0.0,0.0,0.0,0.0,0.0,0.0,0.0,0.0,0.0,0.0
B1-B1x-B14d-B1ao-B14b-B5dc-B1co-B1eq,868806,0.05461889763719617,-0.01539437011791488,-0.02206135874629036,-0.02128165432683134,0.0005956696139473,3.497439574321412e-05,0.004086362374623513,0.0028092216281309216,0.000988080741329452,-0.0019961551905974995,0.0035098945758893375,-0.001810368595840928,0.0016500498634604034,0.0001697889278714383,0.012793306326252696,0.0008227875844858945,0.0013840294971980674,0.001763839300727713,0.00012372607860500627,-0.0002705040298789928,-0.008415009882009654,0.001979811504876917,-0.0010288409325223547,0.0003759994183435655,-0.004436858035500272,-0.0013333980254570524,-0.0010991058328950975,0.0004175855341476965,0.0008208519021891422,0.0010922766938587884,-0.0019119242924094683,6.974311617506933e-05,-0.001769387723957377,-0.0041444086995949475,-0.0033156638786175047,-0.0007634100544504532,0.00028203285643778315,-0.0004714402480602208,-0.00027556827078519046,0.0030251636167395158,4.864182780913663e-06,-0.00011575815366734679,0.00044805473136987935,-0.0008889374592699587,-0.00048363923182483153,-3.716978415987157e-05,4.414534698629637e-05,0.0,0.0,-0.0,-0.0,0.0,0.0,0.0,0.0,0.0,0.0,0.0,0.0,0.0,0.0,0.0,0.0,0.0,0.0,0.0,0.0,0.0,0.0,0.0,0.0,0.0,0.0,0.0,0.0,0.0
B1-B1x-B1ai-B14e-B1j-B1ao-B1am-B1eh-B14c,868809,0.0635640538465775,-0.018201975211897505,-0.032782076232341584,-0.030954584339657285,0.000569650656575054,-0.00011513169142699778,0.010359802291407679,0.006831662434792145,0.0023521950308141486,0.004454758932132415,-0.008126426149058076,0.0004030295533347403,-0.0014904063892302556,-0.0013454165539834157,-0.009777468815089235,-0.0006890738421182473,-0.0008015546730064228,-0.0005057102056838477,-4.8171274186925236e-05,0.0008957780588259264,0.0012382360815014503,-0.000219217140590805,-0.0004860036198610799,-0.00010033678573949006,0.0018597799781676701,0.0003804975764880401,0.00025742574497602947,-0.00026915397570881274,-0.0002641512900739349,-0.00019014801727280017,0.00015508219706883832,3.765596961209221e-06,-6.267226052825869e-05,-0.0001851267499572611,0.002301621272380501,0.0002017339894373678,-9.979543860422395e-05,-2.226034918441891e-05,-8.566018450722131e-05,-0.00046881188722491715,2.5846534617111546e-05,0.0004082593595723542,-0.0010091485744544455,0.0006571438450818913,0.0006991781829070948,0.0001000952873611911,-0.0003478404115645264,0.0,-0.0,0.0,0.0,0.0,0.0,0.0,0.0,0.0,0.0,0.0,0.0,0.0,0.0,0.0,0.0,0.0,0.0,0.0,0.0,0.0,0.0,0.0,0.0,0.0,0.0,0.0,0.0,0.0
B1-B14d-B1x-B1ao-B1l-B1co-B1j,868815,0.05911931561257728,-0.0166283144278044,-0.027214149222646644,-0.02582772794265474,0.0005620315208495045,-4.723422819220184e-05,0.0076696909096415945,0.004923850661983777,0.001919020054895066,0.0026823657822722742,-0.004707984690570041,-8.423286068534723e-05,-5.17198569533451e-05,-0.0009252759250999922,0.005295110354190984,0.0006268007417786698,0.0012845509366565505,0.0007870467013553963,0.00010149128707028822,-0.0007085993295029772,-0.005299280572724714,0.0009446377077738779,0.0016773699329044735,0.0023631286640077354,-0.010462760470121301,-0.0033906438748612005,0.0018777830041461342,-0.0032714861194439253,0.0037069831343904012,0.004404025838239809,-0.010062621982280586,0.0003292080837899329,-0.0004800270267711321,-0.0027872069842681695,0.0003695010424493735,-0.0004046168999642998,0.00032236630615014965,0.00028341492935821534,0.00016872027719713566,-0.0007657963111692284,2.462038528474916e-05,0.0003140082075610049,-0.0007659013252927333,0.00027074348966636344,9.259326375305958e-05,5.2169139658388435e-06,-3.483731492715526e-06,0.0,0.0,0.0,-0.0,0.0,0.0,0.0,0.0,0.0,0.0,0.0,0.0,0.0,0.0,0.0,0.0,0.0,0.0,0.0,0.0,0.0,0.0,0.0,0.0,0.0,0.0,0.0,0.0,0.0
B1-B1br-B1ev-B1dr-B1dq,868816,0.08929198715853993,-0.024377113844594223,0.0765345446348126,-0.014136295476553911,-0.0005362922482937682,6.740863177193634e-05,0.008187424014405462,0.004927040698326177,0.002073924893987401,0.003264969502800831,-0.002342979979169736,-0.003904883721220877,-0.010119845676804533,0.0037858523529377183,0.0017386261022303432,0.0020517853201684902,0.0045517594758286905,0.0020197223479481927,0.00038339671040429375,-0.003869591975869458,-0.0019174595331053292,-0.0005734722720569228,0.0037851314867633126,-8.693860815878628e-05,0.0022226429949796745,0.0016531233301446968,0.002447870297969557,0.004022099849067297,0.0028715226936863875,0.0033380511039780582,0.0015133309985844471,-0.00028841101310634595,0.0004169439262551268,-0.0005520737305696398,2.7064322403351815e-05,0.000757106088120932,-0.0015591891912566122,-0.004046847514223527,-0.0007892516334430971,-0.0007118279539946232,1.3913219757470158e-05,0.0002843085859270666,-0.00035783492655348364,-0.000660661858849768,0.0002547112160911859,6.21248333237885e-05,3.995312381015622e-05,0.0,-0.0,0.0,-0.0,0.0,0.0,0.0,0.0,0.0,0.0,0.0,0.0,0.0,0.0,0.0,0.0,0.0,0.0,0.0,0.0,0.0,0.0,0.0,0.0,0.0,0.0,0.0,0.0,0.0
B1-B1eg-B1ew,868819,0.049801766836891734,-0.008349213971429636,-0.0021305758860961192,0.005198456965392476,2.784641525440595e-05,0.00014464899006629367,-0.013236442955862994,-0.010514618603582352,-0.014166223080349698,0.007606044145269922,-0.004644037240925996,4.3797658688134236e-05,0.00035444420328298537,-0.002487059910508632,-0.0004873015162828416,0.0016402394431961848,6.507048786554324e-05,-0.0020396854315222683,0.0002720833926695169,-0.031240375057288456,0.003776110858499746,0.0017821491865633774,-0.012582984593957364,0.003248878149673541,-0.0004008155021289081,0.0014801331495766647,-0.0010873947667943455,-0.002970784738140642,-0.0014211326572872301,0.0006402646587149989,-3.406274480536005e-05,-4.500240673944304e-05,-0.001999880347394082,0.000404951732754528,4.617237513365323e-06,0.00045541544201579276,0.00041064395153087046,-5.1544080481359465e-05,-9.447060520003913e-05,1.1839171931749982e-05,2.0633511864881888e-07,-8.918807680026994e-07,1.213227838647539e-06,3.83375729258456e-06,1.27299037778464e-06,4.9882704960572945e-08,2.3793340103817823e-08,0.0,-0.0,-0.0,-0.0,0.0,0.0,0.0,0.0,0.0,0.0,0.0,0.0,0.0,0.0,0.0,0.0,0.0,0.0,0.0,0.0,0.0,0.0,0.0,0.0,0.0,0.0,0.0,0.0,0.0
B1-B1dl-B1eg,868822,0.035999893782684506,-0.007732130899617586,0.0025540380061947958,0.0023045358182534484,0.0004214447340182767,0.0002716366909039102,-0.00476251514757485,-0.004135007441496197,0.0002720831768449683,0.0020432552483887253,-0.004527708978445369,0.002606470994684953,0.000566130814860272,-0.003745755251681685,0.00010060320846748987,0.0019304893374923865,0.00010456981157071721,0.0003918279710845695,0.00017169340776343827,-0.009476418972937916,0.0009269196872561594,-4.7071964159975786e-05,-0.0007990208255341915,0.0014679045627724022,0.0005067743754196222,-0.0019217795803558035,0.00042967298031901946,0.00304801619011741,0.0032580135849744805,-0.0038528079783505267,0.0006604967926348659,0.00028746246041721086,0.00847952238817835,-0.0030130240632418753,-0.0002347340553868429,-0.002048800828003819,-0.0033395407753307716,0.0007992572593303153,0.00036309292084510934,6.522076341741712e-05,1.1404170532303363e-05,-6.055935450603892e-05,6.121565741564749e-05,0.00017641451965688201,-1.553418139385133e-05,-7.856764349261892e-06,-4.277101444617653e-06,0.0,0.0,0.0,-0.0,0.0,0.0,0.0,0.0,0.0,0.0,0.0,0.0,0.0,0.0,0.0,0.0,0.0,0.0,0.0,0.0,0.0,0.0,0.0,0.0,0.0,0.0,0.0,0.0,0.0
B1-B1x-B14d-B5dc-B1ao-B5dg-B1cn-B1dn,868824,0.06576556945813782,-0.018301248826749057,-0.0326305916357867,-0.02940021896363516,0.0005359164566939778,-9.972164656216313e-05,0.006491806920763583,0.004670121219460733,0.0003883023752546423,-0.002637810782396358,0.005422255774016708,-0.002202506952956689,0.0016358891908244148,0.0017268263078496456,0.016835996816917338,0.0012394380545165907,0.0018285129599309668,0.0014989831646471702,0.0001332997424010054,-0.0013002586753601514,-0.016140393414781646,0.004227618437766698,-0.002943983769401792,-0.0008941970612743827,-0.00984303862337715,-0.0017387568514638217,-0.004378618638350982,0.0031650353803463305,-0.0023566813442039234,-0.0030033446615916675,0.006918359119631144,-0.00023080322830641942,0.001337370084150285,0.004497655451850633,0.002277652989268568,0.0007145560658079129,-0.00028246064192703996,0.00032994764532053375,-1.6522576686440248e-05,-0.0007513170397198471,6.579254624837622e-06,7.721739599115265e-05,-0.00024103676861661808,0.00022341420814674538,4.301428900164565e-05,-1.81928064410055e-06,2.5539742350793897e-07,0.0,0.0,0.0,-0.0,0.0,0.0,0.0,0.0,0.0,0.0,0.0,0.0,0.0,0.0,0.0,0.0,0.0,0.0,0.0,0.0,0.0,0.0,0.0,0.0,0.0,0.0,0.0,0.0,0.0
B1-B5de-B1br-B1dr-B1dq,868825,0.08063428108940691,-0.009440764751898222,0.0889275425752608,-0.01789130120480151,0.00237965183907626,0.00018756965850835966,0.012572110006648662,0.01018572393379313,0.0038528535080833816,-0.003537853162495069,-0.009219625906266066,-0.011286022407860637,-0.016740364812799523,0.0037164008081443274,0.0059100743661807285,-0.0025741491570229055,-0.008029257720384736,0.0023972936117612003,-0.00037794052004195975,0.003989099575873136,0.0029286359029198584,0.0009036083995491859,-0.006906098500790738,-0.002993362647620294,0.0009141323707153199,-0.0010383696011865362,-0.005963331488247472,-0.004277939221991511,0.0009945270186952476,-0.0029959703344071887,-0.001549082128030427,0.00032101478305755445,-0.0006139478125467352,0.00010787471503961025,-7.915891830298953e-05,0.000745497593637255,-0.0004989209256789361,0.0005225158470670199,0.00040455146561981127,-3.67939941031248e-05,3.945453261863222e-06,-5.732184762252161e-05,8.37767011349034e-06,0.00022521488124372142,-0.00016015725592428216,-2.9148605435105867e-05,-6.7064731628699155e-06,0.0,0.0,-0.0,0.0,0.0,0.0,0.0,0.0,0.0,0.0,0.0,0.0,0.0,0.0,0.0,0.0,0.0,0.0,0.0,0.0,0.0,0.0,0.0,0.0,0.0,0.0,0.0,0.0,0.0
B1-B14d-B14b-B1co-B1x-B1ai-B1j-B14i,868830,0.06641436612845622,-0.01917792110415019,-0.03518423822772147,-0.032590435919108915,0.0005950780097998628,-0.00011789736341905433,0.008198540535612754,0.006009956761349809,0.0007626959871508918,-0.0025053595059668717,0.004923414221607724,-0.0027750418934803854,0.0010806200865536143,0.0019358837829954968,0.009326873914701335,0.0002503490996329249,-0.00016774912574901845,0.002687560553968686,0.0001060982995234585,-0.00039320149934683496,0.013045504936280572,-0.003765866086063081,0.0036636600967687,0.0018803583640313506,-0.0029983172883745954,-0.0012339175000067861,-0.0009044026763305235,0.0006674040110136959,-0.00019389038427084139,9.099940720125939e-05,-0.0005069466293143449,4.0568832050208926e-05,-0.0011115170576497643,-0.0036088954548321502,0.0031535500164758235,-0.00034117119772474367,0.00031319538639913236,0.0002946126897348816,6.339874942891935e-05,-0.0022448991181404313,-3.549157468728547e-05,-0.00028459741242130147,0.000559946721153618,0.0006179340851288635,0.0005421207671831262,5.250786235406172e-05,-5.33397688092129e-05,0.0,-0.0,0.0,0.0,0.0,0.0,0.0,0.0,0.0,0.0,0.0,0.0,0.0,0.0,0.0,0.0,0.0,0.0,0.0,0.0,0.0,0.0,0.0,0.0,0.0,0.0,0.0,0.0,0.0
B1cg/B1-B1fc-B5dj,868831,0.055428055140883586,-0.008526974677509984,-0.003900600332535075,0.006155278024443531,-0.0001149580378851546,9.622240445218947e-05,-0.01406954832090689,-0.010922276438093835,-0.00591360028140184,0.00038216694694564925,-0.0003719905091441902,0.043343051903857364,-0.01501796884067739,0.01637952862892568,0.00211021800985939,-0.0008736555212773885,0.00017420076681133788,0.0019128630661615796,1.945351511280588e-05,0.0034534244131076155,0.00043158835850310963,1.5964642460906128e-06,-0.00196310444718444,0.0012510992778294564,1.723193562391752e-06,2.6832330222869164e-05,-0.0004069301401186435,-0.0009594339176596163,-0.00027410713293997993,-0.0003842632254054244,-6.965445133261964e-05,3.250374175912255e-05,-4.2005793328234115e-05,-0.00014693376302629734,-4.1704518064639025e-05,0.00012724449043006772,-6.320272923932048e-05,6.41200790042516e-05,0.0001349073115431216,-1.2226061838546853e-06,-3.4999962463333893e-06,-1.3240966706475273e-05,4.888047002750321e-06,4.0054193789301514e-05,-5.0260674810497205e-05,-8.56394673823904e-06,-4.499531355006289e-06,0.0,-0.0,-0.0,-0.0,0.0,0.0,0.0,0.0,0.0,0.0,0.0,0.0,0.0,0.0,0.0,0.0,0.0,0.0,0.0,0.0,0.0,0.0,0.0,0.0,0.0,0.0,0.0,0.0,0.0
B1-B1by-B1dm-B1x-B1bw-B1bx,868843,0.0411899730465328,-0.0098734330498259,-0.001470477886049847,-0.0022872215906003497,0.0004788740396349609,0.00025610881388973085,-0.005826449810968682,-0.0040942191769119856,-0.0005243320036359538,-0.00568502395324676,0.009369217436864133,-0.0014334456934766023,6.370277778791294e-05,-0.0005125434460221535,-0.0077474708548946804,6.73392736065442e-05,0.0023767039623286824,-0.0075063939017642745,-0.0002934598482019675,0.001804719917600356,-0.001835719055117857,0.0006621004576482714,0.0006716808429190852,0.0030546422321344343,-0.002604186152174297,-0.0006029870752784788,0.004632308082834379,-0.0058257696444041955,0.00042302406227766624,-9.066651049250794e-05,-0.0018907159999437153,7.9870490749675e-05,0.001193680283527104,0.002243061738546006,0.003167190443478502,0.0017472791944104498,-0.0012695471854337725,-0.0007684750279491328,9.982931530472116e-05,0.0036145256548261962,-2.580025061712426e-05,-0.0002753824621842996,0.0004312408831249905,0.0006738163178875782,0.00046155014884048375,4.166776845620158e-05,-7.420575853996013e-05,0.0,-0.0,0.0,0.0,0.0,0.0,0.0,0.0,0.0,0.0,0.0,0.0,0.0,0.0,0.0,0.0,0.0,0.0,0.0,0.0,0.0,0.0,0.0,0.0,0.0,0.0,0.0,0.0,0.0
B1-B1au-B1by-B1bw-B14h-B1dm-B1fo,868846,0.04702520931705469,-0.007670822628999331,-0.0028358288884995815,0.000850244407098322,0.0008382957579340742,0.00027842508206342285,-0.020552604472782773,-0.002466668210720528,-0.006882079953081302,-0.026413202151159495,0.033426731958475474,-0.006515654271343699,0.0006263462883553121,0.0038690621808574847,-0.009157671681442273,-0.0023935769266768213,-0.0071581256615842965,0.012393851739577565,0.00036672689567690574,0.00024185238640372616,0.0015942261190777841,-0.0002594084190824654,-0.003980709435378279,-0.003849707608249502,0.0003825854637960966,-0.00026224081303367056,-0.00468312014888384,0.002132906758978106,-4.1576015882399396e-05,-0.000373432540955412,-0.0018744936035770103,0.00021207889423990206,1.1575181573851334e-05,-0.00028988989530276665,-0.0002314531330419036,-0.00013897920658669224,9.230537416684458e-05,0.0002849480779127593,0.00020921274069603398,-0.00046511406387262413,-2.03523760228156e-07,-6.490640721980755e-06,-8.942990484153617e-05,0.0001582346409968914,-0.00010857412617824947,-2.3247426080516433e-05,2.0700752648570416e-05,0.0,-0.0,-0.0,-0.0,0.0,0.0,0.0,0.0,0.0,0.0,0.0,0.0,0.0,0.0,0.0,0.0,0.0,0.0,0.0,0.0,0.0,0.0,0.0,0.0,0.0,0.0,0.0,0.0,0.0
B1-B14b-B1x-B14d-B1co-B1ai-B14i,868857,0.06801230813936365,-0.019410680936368267,-0.036065361901643556,-0.03286843390221598,0.000569934398475145,-0.0001307061950872255,0.007708820511098949,0.005717092578107236,0.00033880977663530416,-0.0035979665617227475,0.007253022011009241,-0.003104100679743776,0.0016842215994877145,0.002662913749654992,0.015089049404412294,0.0007015526690374795,0.0004397726843670386,0.0027237070341490756,0.0001234786054712201,-0.0010759776638829236,0.015850188728897575,-0.004650793484204341,0.0053763982708402176,0.002639766154335264,-0.0028474283404260263,-0.0011453073372704198,0.0010336774645888576,-0.0008794851459827993,0.0008145813211299911,-0.00043781631518631764,0.0024357749891584803,-0.00010674651525134307,0.0007338129532151814,0.003351159743337258,-0.0028862105267903546,0.00038138429382836276,-0.0003159884960115191,-0.0002045647364968553,-7.115178465337392e-05,0.0013516633681342318,1.6907984756856303e-05,0.0001440747256916244,-0.00029354034681794395,-0.00029055723815468455,-0.00027748322687129614,-2.812213931241898e-05,3.064106181725052e-05,0.0,0.0,-0.0,0.0,0.0,0.0,0.0,0.0,0.0,0.0,0.0,0.0,0.0,0.0,0.0,0.0,0.0,0.0,0.0,0.0,0.0,0.0,0.0,0.0,0.0,0.0,0.0,0.0,0.0
B1-B1br-B1dr,868858,0.0646268102208429,-0.017861168954935527,0.04916710549658494,-0.00847550067575661,-7.089476021516872e-05,0.00018130486920346362,0.004418678064022776,0.0022655506266861317,0.0022290631213041172,0.0032066148863380043,-0.003598458144919109,0.00031363560798138116,0.0004972663428591861,-0.0015370149845574223,0.0016567805095753555,0.0005392745710286122,0.0015116810205967565,0.002064615774551275,0.00018006264862714541,-0.00034408391337238805,-0.00035674339070843015,-0.0004363182060178941,0.0011899094128358673,0.0006737219979640149,0.0014373646327251342,-8.109752985490581e-05,0.0004293435315508981,0.0006443755386661482,0.00032755437404920906,9.192340318917497e-05,0.0003910338233776982,1.7528160579569114e-05,-0.0009691913398339839,-0.00033086118861190865,-0.00039323403512365855,0.0016640067444881868,-0.0017617462146287221,-0.0015976780589628467,2.1373055845208798e-05,-0.0005695340394872771,-9.037976352058958e-06,-0.00011451282642494523,6.321757174045374e-05,0.0004699019983482213,-0.0003263368885147019,-7.111115369507082e-05,-3.4342174444957934e-05,0.0,0.0,-0.0,0.0,0.0,0.0,0.0,0.0,0.0,0.0,0.0,0.0,0.0,0.0,0.0,0.0,0.0,0.0,0.0,0.0,0.0,0.0,0.0,0.0,0.0,0.0,0.0,0.0,0.0
B1-B1dm-B14h-B1x,868859,0.04683346967464933,-0.010940229774923661,-0.006976254406058084,-0.004671174508742665,0.0004486357708990759,0.0002041500848945451,-0.007125357552584895,-0.004531865790013804,-0.0019685822384630995,-0.009786946777915232,0.01700306885744738,-0.0021934801601055254,0.0033597388400779,0.0011715885394239169,0.00875755840156255,0.0003698509473388316,0.0007618848689463557,-0.003006102888501905,-0.0001811959887868194,0.0005992942729013775,-0.0010432941640301796,0.0007281664639212637,-0.0016266368579485422,-0.0017330669560845036,0.010514804360918834,0.003212795961242599,0.0021594594054131443,-0.0035593350378844177,0.012000084718190376,0.003836245932634785,0.0012175619341330622,-0.000185342618993705,-0.00023574706461909723,0.00149669182672639,0.0003382253566762026,0.00022056914734612298,-2.5413423071081745e-06,0.00024894323640300715,-0.0002581261842611251,-0.0003035058059647844,7.573056867561035e-06,7.072093946984085e-06,4.72868778351235e-05,-0.00022524383558232206,-0.00011911453778564372,-6.1802433817862095e-06,-3.68516193234146e-05,0.0,0.0,0.0,0.0,0.0,0.0,0.0,0.0,0.0,0.0,0.0,0.0,0.0,0.0,0.0,0.0,0.0,0.0,0.0,0.0,0.0,0.0,0.0,0.0,0.0,0.0,0.0,0.0,0.0
B1-B1x-B1ai-B1ao-B14e-B1j,868861,0.06013644761364756,-0.017097442169262008,-0.028774330966675345,-0.027413840833368376,0.0005726608198643263,-6.454831094236321e-05,0.00868795251914229,0.00561622145338285,0.0022406410126848083,0.0038575139957176094,-0.007167943406198068,0.0004707775444789892,-0.0009987557021065296,-0.001727473513074952,-0.007276540416490359,-0.0003936858995982899,-4.715087847720331e-05,-0.0012132057749149575,-5.995226768881636e-05,0.0009914483721973914,-0.008474780030661487,0.002445429800714252,-0.0028014137400470124,-0.0009528769814113736,0.002859658480220727,0.0008840834818012244,0.0012304983694214231,-0.0016745046727346846,0.0021397359884309623,0.0014299513140170383,-0.0023578627190460684,5.9278645936327454e-05,0.000694647933705575,0.002622419348973966,-0.0029170620265154368,0.0004003053980073577,-0.00021874738577761735,0.0003097136217907593,6.74699908584029e-05,-0.0022439124097866,-0.00011555758831154768,-0.0012784338794789326,0.0028728203202713406,0.0001347743415268783,0.0003213972461118336,3.300672690075488e-05,-1.3615479328162874e-05,0.0,-0.0,-0.0,-0.0,0.0,0.0,0.0,0.0,0.0,0.0,0.0,0.0,0.0,0.0,0.0,0.0,0.0,0.0,0.0,0.0,0.0,0.0,0.0,0.0,0.0,0.0,0.0,0.0,0.0
B1do,868971,0.05868214928972042,-0.01179530911315173,-0.010261652612457347,0.038801311403882315,-0.004999893093216341,-0.0003685670461916474,0.009500113684386507,0.0063399822431953025,0.0015926688184314526,0.0006095252600811393,-0.000782893106775783,-0.0005917479156014979,9.138910897968993e-05,-0.000772322737867671,0.001090645546287074,-0.01718362309420787,0.0031778146651219264,0.0002806408839186517,-4.3611550941295765e-05,-0.00023284133480721948,0.001242275277259483,1.366190021042632e-05,-0.0019007479296594696,-0.0019908631666556804,-0.006102496842898373,0.015762966209878625,0.006863040997285337,0.006133581960169347,0.0026004533742921107,-0.004724892494640685,-0.001869446912542752,0.00018147261985837238,-0.0005077380664266761,0.0002701029646855785,2.1156581964120176e-05,2.9549772460877013e-05,0.00026020519612002935,-0.00010367335234434864,4.886069518775751e-05,-2.3264981788585702e-05,-0.0014418279209966176,6.0239857288258486e-05,-4.068216752420371e-05,-6.640688552832681e-05,1.6856839530403383e-05,2.7661858522332638e-06,-3.2426922624223075e-07,0.0,0.0,-0.0,0.0,0.0,0.0,0.0,0.0,0.0,0.0,0.0,0.0,0.0,0.0,0.0,0.0,0.0,0.0,0.0,0.0,0.0,0.0,0.0,0.0,0.0,0.0,0.0,0.0,0.0
B1do/B1ec-B5aj-B1ee-B5db,868748,0.07478284069928522,-0.01484216909861851,-0.019534990815071516,0.06522505562249492,-0.008978914355991498,-0.0008384494784638679,0.019537893726246085,0.013637982349474682,0.00196899082262595,0.0002918178212184287,0.0026775756550030997,-0.0023251620247242855,0.0006948450925350091,0.0025688545332636058,-0.0011877439894982106,0.008852771735564882,9.772311307281047e-05,0.00018367177556237474,0.00012820813681234242,-0.00013170263141553477,-0.0009157450536766557,-0.00011402201679551615,0.0010400994889033328,0.0010195335943916568,0.0012962965844096905,-0.0022820250632694904,0.00065363315379363,0.0013406462173782573,0.0012093230174117068,-0.0036474915425590048,-0.001709760926157384,0.0001505285374482343,-0.004688999458168693,0.0014299049269918317,0.00024119378358782007,-0.0024967517654407197,-0.0035370440370030586,0.0009664048657647092,7.939069345940226e-05,7.854628061270465e-05,0.000678335755098153,-5.3675945347267464e-05,3.1599257815183814e-05,0.00012865119960611514,-5.8937796028896094e-05,-1.198256078016607e-05,-6.245831970465756e-06,0.0,0.0,-0.0,0.0,0.0,0.0,0.0,0.0,0.0,0.0,0.0,0.0,0.0,0.0,0.0,0.0,0.0,0.0,0.0,0.0,0.0,0.0,0.0,0.0,0.0,0.0,0.0,0.0,0.0
B5aj/B1do,868863,0.05863723687992253,-0.011679841384344806,-0.01007015327898833,0.037814890398692576,-0.0048505946842939225,-0.00035464204655819297,0.00882303913951594,0.005851512731224654,0.001351580947471128,0.0006117759060645081,-0.0007700107898699625,-0.00014798071739574896,0.00016953702084434127,-0.0008326481445310334,-0.00022874556996321557,0.023295202157984928,-0.007690918660510738,0.0001873724105663854,-0.00029589984867379164,0.0037667834017834907,0.0018756732059180693,0.0003827090139724384,-0.003932766020530008,-0.0019979752016794777,-0.00476269398273096,0.011446802030223184,0.002161937560725016,-0.0007250775567217328,-0.002397523894125129,0.005641301162760746,0.001788879434178399,-0.0003818454555468827,0.003033143777628437,-0.0007830533969439315,-8.873341663788914e-05,0.00038000841194600014,0.0013600770834513688,-0.0006340497711318982,-2.2222024246757242e-05,-0.00010233377959865698,0.0012402915383142624,5.999887959096708e-06,1.0401522005384458e-06,-0.00016586013679936124,8.758217524413202e-05,1.9730453551567342e-05,1.0804195482161396e-05,0.0,-0.0,-0.0,-0.0,0.0,0.0,0.0,0.0,0.0,0.0,0.0,0.0,0.0,0.0,0.0,0.0,0.0,0.0,0.0,0.0,0.0,0.0,0.0,0.0,0.0,0.0,0.0,0.0,0.0
B5-B5dr-B1fx-B5ds-B5cp,868869,0.010138997111276292,0.08592903864731868,-0.0023623854886796426,-0.00155094210364399,0.004735117011311581,-0.0003331525053433111,-0.04599792625298736,0.05944509606234387,-0.0031855435218599622,-0.01085567427031252,-0.004786554608542005,0.0005849276820085441,0.00037145944308947606,-0.0035054763912938233,-0.003680546236285242,-0.0006735678860828637,-0.003477583503737951,0.011962350251466265,0.0005240115344957766,-0.0019910906896272017,-0.0025444044800865036,-0.0005056467747420092,0.002181690459006293,0.0012396943683082844,-0.0009401709917472276,-0.0008114964798977116,0.003983465771277798,-0.0011579879501331682,-7.894726660689751e-06,0.00020931525976093546,0.0007710405709209448,2.0923628715076457e-05,9.240294573989613e-05,0.00019219622940483825,0.00011696144252601643,-0.00020410939255633,9.072287675688777e-05,-0.0002648763043642362,-0.00021206690160004558,0.00016228652234012247,-1.2126917925673284e-06,5.94557588183097e-06,3.6373579132547784e-05,-3.5408875384273346e-05,3.0775552875695417e-05,4.553001593434335e-06,-6.679608277274881e-06,0.0,0.0,-0.0,-0.0,0.0,0.0,0.0,0.0,0.0,0.0,0.0,0.0,0.0,0.0,0.0,0.0,0.0,0.0,0.0,0.0,0.0,0.0,0.0,0.0,0.0,0.0,0.0,0.0,0.0
B5-B1fx-B5ds,868911,0.021623098699628987,0.08155038742101071,-0.0019933999061002325,-0.001513257059006612,0.003810268333886549,-0.0003386545891866398,-0.033719196219496025,0.046614989751373674,5.515296131362835e-05,0.0044245118029405395,-0.0036114155056813603,0.0032914197765616495,-0.0025147230968313203,-0.004972596127399873,0.006337841819846401,0.0008483053007562655,0.0020603833501297505,-0.022187297446903193,-0.0011340650233195048,0.0009819302183815277,0.0016485153704697644,0.0004965022894412871,0.0009359088905283859,0.0008291621740368367,0.001614911293738583,0.001039246892784387,-0.0031479591104426933,0.0032326074613422398,-0.0001689457414532692,0.00046897458412302673,-0.0005573095547651527,0.0001975273426371227,-8.859277719539056e-05,-0.00025962610800821576,-0.00012131961205681079,-4.757567704512397e-05,4.815165921960412e-05,9.729071743213376e-05,3.179948530542268e-05,-0.00019102855341180563,4.249838205669846e-07,4.7599217661421374e-05,-1.0667393834637543e-05,6.617675606641661e-05,-3.501549264964212e-05,-9.565921537219532e-06,8.37392351305488e-06,0.0,-0.0,-0.0,-0.0,0.0,0.0,0.0,0.0,0.0,0.0,0.0,0.0,0.0,0.0,0.0,0.0,0.0,0.0,0.0,0.0,0.0,0.0,0.0,0.0,0.0,0.0,0.0,0.0,0.0
B5/B5p,868925,-0.010099696553030467,0.024875814576086598,0.006452235919408235,-0.002999576054360827,-0.00021066570136414435,0.0006998281529443112,0.0027919523485099487,0.003533781237418684,0.0046726678366759205,0.01179056679467095,0.004145450793397664,0.00032441561207150095,-0.002189868478597768,-0.0055490481435265995,0.0008971512762857185,0.0012747897290608754,0.005449931666986018,-0.0005285306264282052,0.00017910382023229775,0.0008918396311700165,-0.0002485926835346337,-0.0009342218278557613,0.0016114707390860003,0.002973279592421481,0.0008457733615780775,0.0014234574406885333,-0.000989931248787236,0.0012423195954219671,-0.00015144275204860064,0.0012845093413340401,0.0011724680046786846,0.0003423880159072039,-0.0008470536667581257,-0.0010827327191467835,-0.00033926476695058283,0.0013342697691472781,-0.0005156135832476291,0.0006495611141883981,-2.299058830862443e-05,-0.00013151935407685678,-2.5224784010381123e-05,9.770868478939643e-05,0.00014276618921678445,0.0005912287491827895,-0.00029113763821062016,-3.0436915443237404e-05,-8.4028127329889e-06,0.0,0.0,-0.0,-0.0,0.0,0.0,0.0,0.0,0.0,0.0,0.0,0.0,0.0,0.0,0.0,0.0,0.0,0.0,0.0,0.0,0.0,0.0,0.0,0.0,0.0,0.0,0.0,0.0,0.0
B5-B5dr,868929,-0.013971716824571817,0.031393880251177404,0.005165844717611327,-0.002654285060637788,0.0007113339298130281,0.0007596285909473251,-0.005661934044548534,0.011837251589837332,0.0027978263149384965,0.00438375554262814,0.005198603652367866,-0.0015102308393559953,-0.00022519873183866814,-0.0019367659074266985,-0.005548252550973271,-0.0006310192845359651,-0.001663168783419156,0.021870697532034154,0.001266835279311307,-0.0011634275026478024,-0.0025804497153018033,-0.0013517446943899815,0.0007548676376465964,0.001205816189455315,-0.0013755783797341024,-0.0004551860632261602,0.003329687702309265,-0.0034674900888041807,0.00018253429510419917,-0.0003455698979215376,0.000943962244737855,-0.00033065441522084116,-1.9837623284177623e-05,0.0002047570361730618,0.00012139171969034492,0.00030776184537907846,-0.0001775132312476167,1.6322823671767968e-05,7.144009733951069e-05,0.0002563498746457402,4.5352783312305333e-07,-4.51151349085132e-05,2.142237535543774e-05,-8.471943162437487e-05,3.2142445053650114e-05,1.033276638800742e-05,-1.2600394558935748e-05,0.0,-0.0,0.0,0.0,0.0,0.0,0.0,0.0,0.0,0.0,0.0,0.0,0.0,0.0,0.0,0.0,0.0,0.0,0.0,0.0,0.0,0.0,0.0,0.0,0.0,0.0,0.0,0.0,0.0
B5,868935,-0.010099784647148795,0.024902751325778835,0.006448812911695334,-0.0030003404140649136,-0.00021307563955509905,0.0006993844851943197,0.0027891835360519977,0.0035389625387519334,0.004673060128702187,0.011802398835922998,0.004159423189464953,0.0003302434415290775,-0.0021990659686954724,-0.005567515855854266,0.0008995224139516433,0.0012752607156672527,0.005450068468380546,-0.0005401471259749265,0.0001785582668446295,0.0008905705019105074,-0.00025152254835652556,-0.0009382907497455573,0.001619860115640123,0.002984011134979083,0.000849027609875184,0.0014313338524096126,-0.0009986746401796944,0.0012460923500530663,-0.00015194947500122885,0.0012872818357280548,0.0011732592913732108,0.00034268943318114425,-0.0008501560638681369,-0.0010880582796226378,-0.0003420049676055841,0.0013487738004874913,-0.0005226549282412301,0.000661898953877034,-1.0169525768807188e-05,-0.00013533377566262594,-2.5381716427746785e-05,8.212763227462709e-05,0.00013359871530111163,0.0005894794220802067,-0.00029087631780884746,-6.49380068594598e-05,-5.177653459833016e-06,0.0,-0.0,0.0,0.0,0.0,0.0,0.0,0.0,0.0,0.0,0.0,0.0,0.0,0.0,0.0,0.0,0.0,0.0,0.0,0.0,0.0,0.0,0.0,0.0,0.0,0.0,0.0,0.0,0.0
B5-B5b-B5a-B5d-B5c-B5f-B5g-B5l-B5e,868607,0.03520351527235481,0.12141225120813506,-0.005583857033431748,-0.0021842970457176853,0.011114954156831044,-0.0008157095773029489,0.028935467142598332,-0.04035662728674155,-0.007203288974953133,-0.01782322574336774,-0.0005540894222203496,0.0035081025446932154,-0.004875168657242908,-0.014021266579834555,-0.000643242098629837,-0.000765814357936894,-0.004831624569287707,-0.0001772948814915569,-0.0002478816840858902,-0.0018061145788090284,-0.0022022065104028246,-0.0006325613788843301,0.0039031559531304215,0.00286124854588216,0.00031250006653367224,0.00012053033310967294,0.0017714609720598695,0.0013462872283390224,-0.0001439199813135253,0.0005910574017988531,0.00029649224151417105,0.0001635168961361183,0.00014570321812504823,0.00013730819008498006,8.989374042547367e-05,-0.0008203925590296858,0.0004154685123160228,-0.0005894453268359909,-0.0005746932455234276,1.6600855334058176e-05,-1.607712711527877e-05,-0.00043969626098953413,-0.0001680534374043844,4.284367079187992e-05,-9.845456324083256e-06,-4.038885662785499e-05,-9.378058724300495e-07,0.0,0.0,-0.0,-0.0,0.0,0.0,0.0,0.0,0.0,0.0,0.0,0.0,0.0,0.0,0.0,0.0,0.0,0.0,0.0,0.0,0.0,0.0,0.0,0.0,0.0,0.0,0.0,0.0,0.0
B5-B5c-B5a-B5e-B5h-B5b,868619,0.02111895348537597,0.08886766502055461,-0.0020050860266302597,-0.0021582039106477313,0.007294576119653668,-0.00037017910240201774,0.01640415950336403,-0.021697821742554777,-0.004510258552583122,-0.011758134318036352,-0.0010307603503153949,0.003975852575452627,-0.006358533105228601,-0.020469407242638325,-1.7512664413563298e-06,0.004729970109022176,0.021373128353767496,0.0044895021794309885,0.0008143798234978745,0.00392481736928688,0.004062630221858558,0.0010851790809919615,-0.007278934254260829,-0.006225540155182611,-0.0008848694620335734,-0.0021057375667803274,0.00044740602303747234,-0.0005128372456478527,6.15563230517803e-05,-0.00023949995166660894,-7.595247583737803e-05,-7.639131289196984e-05,-0.00011559966295112034,-0.00011921150189490643,-6.570517453763662e-05,0.0005773906912838069,-0.0002898228291337418,0.0004090813277744332,0.0003965218392865499,-1.020823845262523e-05,1.181676447247805e-05,0.00032797875746932016,0.00012637956355253784,-3.366518809216298e-05,8.109540004775989e-06,5.122178692865167e-05,1.1107731863178525e-06,0.0,-0.0,0.0,0.0,0.0,0.0,0.0,0.0,0.0,0.0,0.0,0.0,0.0,0.0,0.0,0.0,0.0,0.0,0.0,0.0,0.0,0.0,0.0,0.0,0.0,0.0,0.0,0.0,0.0
B5-B5e-B5g-B5a-B5c,868621,0.012198113534066283,0.06815804094570628,0.0007961236903827803,-0.002407129241276929,0.004752083763914156,4.011981983002462e-05,0.017145786704370114,-0.01980994526093951,0.0006521926427833597,0.0016164839578869177,0.0020826230766862615,-0.0014041284112302733,0.0020749895507707573,0.007483118856989629,-0.0006282722267622834,-0.0038372592037208856,-0.018142957915760195,-0.0015299998852745724,-0.0006757947448459268,-0.004225756789762551,-0.005576537103406482,-0.001767901745928618,0.011073544854028852,0.011765575956069111,0.0018648939384710384,0.005882373486321695,-0.00430374208642883,-0.0008865203802454389,4.109970633230889e-05,7.700294716909278e-05,0.0002812091103293496,0.00013387618617470933,-0.00039338604126627216,-0.0004440533186142486,-0.00018596546586924884,0.0014018504335358863,-0.0006910159575210138,0.000983926831730182,0.0009679444822456787,-4.021999545891663e-05,3.0652723476699824e-05,0.0006404749409319031,0.00021164540464108474,-0.00023415614943802246,0.0001321814099986046,3.164964447921694e-05,5.7932326155674216e-06,0.0,-0.0,-0.0,-0.0,0.0,0.0,0.0,0.0,0.0,0.0,0.0,0.0,0.0,0.0,0.0,0.0,0.0,0.0,0.0,0.0,0.0,0.0,0.0,0.0,0.0,0.0,0.0,0.0,0.0
B5a/B5/B5p/B5ae-B5m,868691,0.002739062197781568,0.04736312680268057,0.003465925910704432,-0.002579815816271914,0.002208051834457935,0.0003987542482542829,0.007886757324511487,-0.0050048103540236005,0.0041145031919637915,0.010258637130304405,0.00231249615122854,-0.0029882914603842708,0.0045886080680944685,0.014160763624977571,0.0004902064011635986,-0.0017660260032130223,-0.006986740813589663,-0.003576964581463981,-0.00016588571408853004,-1.6267576049600583e-05,0.0014041015274196215,0.00038733061296977907,-0.004314517812463502,-0.006746358556892646,-0.0012548058712960654,-0.005207949441783145,0.005671148276125618,0.0019782166971875955,-0.00014728158371381684,0.0006058488283327196,0.00042693618975191497,0.00021647903435557746,-5.740552460282078e-05,-6.541829331512715e-05,-1.293934197774608e-05,7.762010733840847e-05,-3.954662608429817e-05,5.862165801374738e-05,7.774989260420878e-05,-4.841558399754204e-07,-4.837945332173827e-06,-0.00026059260264906913,-0.00011552626526997107,4.8663613509243514e-05,-0.000337911626853322,0.0017369340140476566,2.307871414169547e-05,0.0,-0.0,0.0,0.0,0.0,0.0,0.0,0.0,0.0,0.0,0.0,0.0,0.0,0.0,0.0,0.0,0.0,0.0,0.0,0.0,0.0,0.0,0.0,0.0,0.0,0.0,0.0,0.0,0.0
B5/B5a/B5p-B5m,868701,0.002733627092362381,0.04769753637533802,0.0034463901099899344,-0.00259631943441076,0.0022854443810298914,0.0003930382942572244,0.008285096190192742,-0.005567522569618996,0.003970152035949901,0.009856133343786171,0.0023132346578740737,-0.00286830540677376,0.004397082275873243,0.013582812387190465,0.0004355370500009646,-0.0018965245382941837,-0.007749654629004391,-0.0036206866496672515,-0.0002084461563120934,-0.0003186513008328981,0.0009562036382322978,0.00025018439511989045,-0.0033901374014149582,-0.005857417827556973,-0.0011238314031548435,-0.004934400438434763,0.005858106547950822,0.0022871193110790564,-0.0001966596017081853,0.0008733724260917812,0.0006069979365427034,0.00032012301373867134,-4.448065245271127e-06,-2.8105181770577617e-05,5.624133797144535e-05,-0.0008061605967327266,0.00045636114968365237,-0.0007299059678624864,-0.0009981526586359416,2.6450755412815447e-05,-7.905367776186696e-05,-0.0027611688962173603,-0.0011378618782057531,-4.884253824740879e-05,0.00021007079492745264,-0.00091925338845032,-1.5489875099563614e-05,0.0,0.0,-0.0,-0.0,0.0,0.0,0.0,0.0,0.0,0.0,0.0,0.0,0.0,0.0,0.0,0.0,0.0,0.0,0.0,0.0,0.0,0.0,0.0,0.0,0.0,0.0,0.0,0.0,0.0
B5-B5p-B5bn-B5bk-B5bq,868705,-0.004609153086639147,0.03191573040346533,0.005217968299339495,-0.00261881457696739,0.0006291803793647847,0.0005995624938806599,0.002087901403926984,0.003474938901578459,0.004515346184923281,0.010380014932824028,0.0013414676309143902,-0.0017054438448292904,0.002216556955403485,0.0049568585481481065,0.00043663934669386026,0.001989940098358461,0.009717359033575432,0.0009469134788656929,0.00039673452439524027,0.0020090645988588055,0.0016154268045355735,0.0004885209870880892,-0.001074533815081206,0.002260091178163544,0.0009468206463483301,0.004978489386155051,-0.009543454202004687,-0.004177237412703483,0.0005075299181506173,-0.0027522912226123843,-0.002377203898143246,-0.0014420567369007845,0.000564164468969408,0.0008436893268783057,0.00013444306011550414,0.0002171934954783164,-0.00032104668579683085,0.0007088138025526723,0.0016684415172697068,-2.0605686766287282e-05,5.049938123859457e-05,-0.0012267171189120642,-0.0008727510004180488,-0.0016772117726334224,0.000874847223576969,0.0001725098740414274,3.427482522769811e-05,0.0,0.0,-0.0,-0.0,0.0,0.0,0.0,0.0,0.0,0.0,0.0,0.0,0.0,0.0,0.0,0.0,0.0,0.0,0.0,0.0,0.0,0.0,0.0,0.0,0.0,0.0,0.0,0.0,0.0
B5/B5p/B5a/B5ae-B5m-B5bu,868713,0.002153889563381402,0.045926475695724805,0.0036220162005389423,-0.0025751545784640814,0.0020269323608044206,0.0004190954288044089,0.007151123409240062,-0.003927023162564389,0.004262939457496942,0.010608763429601471,0.0022652365027174344,-0.002960634512439918,0.00450496202200866,0.013768868623793649,0.0005603767501917812,-0.0012867801008150164,-0.004632942942102648,-0.0032227901992040843,-6.270941345718044e-05,0.0005778682197485391,0.0021363077505347525,0.0005950732432015986,-0.005719020205653307,-0.008016147110375611,-0.001434809629081345,-0.005605969528035008,0.005546530886083109,0.0016931123285124831,-0.0001047289428946094,0.00039946452914962904,0.00031508340621966296,0.00014589803043094213,-0.00017611942906544347,-0.00019264422480452843,-0.00012119341382018694,0.001239042905339634,-0.0006757241058786647,0.001068337545852076,0.001440265961998159,-4.89543378748138e-05,9.669363291988725e-05,0.002616049306160344,0.0009802597464946992,-0.0005062486786550452,0.00042001745586329277,-0.0007701858583552501,3.93573261189734e-06,0.0,0.0,-0.0,-0.0,0.0,0.0,0.0,0.0,0.0,0.0,0.0,0.0,0.0,0.0,0.0,0.0,0.0,0.0,0.0,0.0,0.0,0.0,0.0,0.0,0.0,0.0,0.0,0.0,0.0
B5p/B5/B5cb-B5a-B5bk,868717,0.00018531030723016777,0.04325136439683092,0.004090573945974469,-0.0026399437376771477,0.002492679372706692,0.000487465938484089,0.0070490336656757295,-0.0036141268563401664,0.0036298730000337053,0.006729543526014002,-0.0009718901350835409,-0.003354972410680078,0.006159730546182021,0.014042681776860062,-0.00038331939304097153,0.0008409230260227256,0.0043499881120641695,2.8651934166205478e-05,0.00019609856649768643,0.0006597750987137194,0.001091066998503766,0.0011849816611060433,-0.0005514808698056969,0.001122178397243981,0.0005019973869728272,0.003704843300973879,-0.006704370292047379,-0.0029493694269069146,0.00030720467786363615,-0.002161595181444931,-0.0023275375804667356,-0.001189830474501311,0.0013315646997855192,0.0014905581028230273,0.0005412761394141525,-0.003777502175437877,0.0018367738413919048,-0.0025948036896176153,-0.0025380161739235966,0.00011915685129773549,-4.0482842067734677e-05,0.0008354950498716986,0.0006212445098398867,0.0012610486076079894,-0.0007161447703448765,-0.00016233908899239712,-2.7828335298099756e-05,0.0,-0.0,0.0,0.0,0.0,0.0,0.0,0.0,0.0,0.0,0.0,0.0,0.0,0.0,0.0,0.0,0.0,0.0,0.0,0.0,0.0,0.0,0.0,0.0,0.0,0.0,0.0,0.0,0.0
B7-B7d,868872,0.0650505970480684,-0.00929862392559542,-0.007808344962802451,0.009265381092699818,-0.00048100313831803083,-3.050302656056578e-06,-0.02849356946861658,-0.022373014845861863,-0.04883697312992048,0.024407341223754566,-0.008703087243642941,-0.014674725945151327,0.0004220314488259144,0.0007719583680582093,0.001144945008749859,-0.000649279379645861,0.00012143084467245844,0.0013797074101486206,5.371661297869013e-06,0.0035267128662972245,0.00021704620855049185,-5.356933316101024e-05,-0.0012289412539887503,0.0009364165167516735,-1.0896011512808268e-05,6.487843260627556e-05,-0.0004094633238843266,-0.001131065907387278,-0.000575112080114654,-5.293848895587159e-05,-8.543384794710617e-05,4.582556504892971e-06,-0.0018709736214993925,0.00032294100114362126,-2.7720897574212288e-05,0.0009219263539301218,0.000790337134950707,-6.990483519984704e-05,-0.00015852931157420865,3.661310627350955e-05,-8.963952671206986e-06,-1.7372894767419082e-05,1.3965771398294873e-05,7.285830737737805e-05,-2.0478965809739017e-05,-6.143209205002226e-06,-3.7608668136642158e-06,0.0,0.0,-0.0,0.0,0.0,0.0,0.0,0.0,0.0,0.0,0.0,0.0,0.0,0.0,0.0,0.0,0.0,0.0,0.0,0.0,0.0,0.0,0.0,0.0,0.0,0.0,0.0,0.0,0.0
B7,869003,0.05781888455235248,-0.00889778762651047,-0.005279958818749027,0.0075726599747902015,-0.0002655059963593013,6.214282512762119e-05,-0.023011678774785133,-0.018174125327188494,-0.03831506660496361,0.01976636481686346,-0.007876134223299643,-0.011719080267251176,0.0004555043826564039,7.144473793206467e-05,0.001187318105040782,-0.0008461961613912218,0.0001816067304031986,0.0019998947885564154,-4.043761636438879e-05,0.011256098621250616,-0.0009405777541593403,-0.0007366712828160731,0.0036410280129075137,-0.0001626746178344491,0.00021462723995052614,-0.0009222212944581548,0.00029324436116301926,0.0012392957997234074,0.0008655883630822251,-0.000498540817127058,0.00041146870132212273,3.2060523705790575e-05,0.0024195321636051727,-0.0007435253209371227,-2.336855105018795e-05,-0.0010197758016766304,-0.001212589844415498,0.00021262095557524343,0.00014064462320991249,-8.273803334908105e-06,9.911391916580427e-06,2.4449278786111273e-06,1.2919744975373384e-06,-2.577199949107153e-05,1.6755734445938014e-05,3.9651021294448955e-06,2.4728370873515037e-06,0.0,-0.0,0.0,-0.0,0.0,0.0,0.0,0.0,0.0,0.0,0.0,0.0,0.0,0.0,0.0,0.0,0.0,0.0,0.0,0.0,0.0,0.0,0.0,0.0,0.0,0.0,0.0,0.0,0.0
B19,868943,-0.2770319652264036,-0.011783385941551025,0.0015270002828093336,0.001978675259331697,0.029166928401640105,0.006844540875650127,0.001821391105411842,0.001132347297941901,0.0005324358392765527,-0.0006579686170419236,-0.0020605646477842975,-0.0005196631688767945,0.001694220811048195,0.0015655592835339118,0.00011908287841687779,0.00045783818513583333,0.0014446134908961432,-0.0011724168537139263,0.001301320535906495,-1.1287751397828046e-05,0.001386750840805243,0.007486131983872791,0.0022518482537717335,0.0012482987655734843,0.0003011230140645499,-0.00023499618419083325,0.0012776170587264772,0.0013878974556689695,-0.00012488664721056202,0.000726147994672704,0.0006073529543157984,-0.0018758365948017336,-0.0003323150908935421,-0.00042701044360794147,-0.00011826541734497559,0.0005091340082282256,-0.00020830154845703983,0.00026082809296958803,0.00010589305147568176,-1.928468837145742e-05,3.709386506264349e-06,3.425602559565203e-05,5.5851127234026504e-06,-0.00012532003351038896,0.000143787601600605,2.888631473795243e-05,5.801411516758955e-06,0.0,-0.0,-0.0,-0.0,0.0,0.0,0.0,0.0,0.0,0.0,0.0,0.0,0.0,0.0,0.0,0.0,0.0,0.0,0.0,0.0,0.0,0.0,0.0,0.0,0.0,0.0,0.0,0.0,0.0
B2a,868961,-0.37270346212456124,-0.017812579647503365,-0.0021824158639233665,0.0061241018129003805,0.056131119580415605,0.11400916477861874,0.0024847369942632706,0.00160288354423283,0.001959462730661194,0.0070084888537792,0.004536689769629058,0.0001504358942312668,-0.0002575206657615035,0.00017239100017325923,-0.0001688072379311248,3.744567580895248e-05,0.00028408421580301097,0.0005195971086420723,-0.0006753919862103546,3.81074084077187e-05,0.000361959699975959,0.0013761189851097307,7.186134826980892e-05,5.616801870923081e-07,-7.4628837792164125e-06,0.00010616919497574583,-0.00017563424983011924,-0.00012982375547964233,9.667932251117913e-06,-6.147589537057067e-05,-5.193117903327417e-05,-6.618661230619485e-05,1.8056217335830205e-05,1.6389064499769778e-05,3.122552415872204e-06,-7.270855984605679e-06,2.177453901658904e-06,-6.353625987190856e-07,2.799905034155845e-06,-1.0366113857596345e-06,-6.912162134952172e-07,-5.447469473582429e-06,-6.805606323317099e-07,1.8901881548931615e-05,-1.7753198327509598e-05,-3.479272650003955e-06,-6.472048740676626e-07,0.0,0.0,0.0,0.0,0.0,0.0,0.0,0.0,0.0,0.0,0.0,0.0,0.0,0.0,0.0,0.0,0.0,0.0,0.0,0.0,0.0,0.0,0.0,0.0,0.0,0.0,0.0,0.0,0.0
B19au,868993,-0.3551572023835619,-0.017197909775021857,-0.0005454159424460076,0.004336822823727417,0.05257042782018752,-0.09109457432879141,0.0018274181663075293,0.001241778076027895,0.002079745889024831,0.008494670749935186,0.006102146620360008,0.0003639472583549769,-0.0009162686377180352,-0.00035332392888263856,-0.0002955939589341727,-0.0002010694969862979,-0.0004228298831110559,0.0020303099923041027,-0.003972301589473956,0.00015282613896001142,0.0036312582084974117,0.01627117884132073,0.002423021803246658,0.0007550505426146742,0.00012076781205412577,-7.423499123238058e-05,0.0001992770344844491,0.00014829935220022502,-5.895916346570217e-06,1.390863011102765e-05,4.1629041971573815e-06,-0.00013170197030531092,3.2025825793732434e-06,9.993180060165868e-07,2.0609750295997861e-07,1.6062426391977157e-06,-9.521898341906585e-07,2.2257197864052067e-06,2.6187444676149113e-06,-8.130666102472968e-07,-4.5411982796227056e-07,-3.571038326313053e-06,-4.4258071268305475e-07,1.2503842106795678e-05,-1.1851735241566395e-05,-2.337231635708045e-06,-4.3735217037488875e-07,0.0,0.0,0.0,0.0,0.0,0.0,0.0,0.0,0.0,0.0,0.0,0.0,0.0,0.0,0.0,0.0,0.0,0.0,0.0,0.0,0.0,0.0,0.0,0.0,0.0,0.0,0.0,0.0,0.0
B2-B2f-B2m,868792,-0.3213149657080196,-0.014661114770239986,0.00037348854545434293,0.003185954696068549,0.04069130963630032,-0.04447904258497573,0.0017263855998436606,0.0011215199125861706,0.0011359096169052056,0.0030785240600752994,0.0012417937903707375,-0.00017656874943788395,0.0007385318168006218,0.0008245665729639417,0.00012619038131189497,0.00043992556396657816,0.0014086961735883575,-0.0025126889376790493,0.005886923287008701,-0.00019849874610422102,-0.00619767042553712,-0.028459977744075084,-0.004629314280056304,-0.0015197543659253845,-0.00026549717092489046,0.0004204374524862086,-0.0008689096570704207,-0.0006520472108138307,3.825043084107262e-05,-0.00019347421827221797,-0.00014739414999188764,0.0001158241200753493,4.165060193257558e-05,4.2220379211919975e-05,8.067445080050178e-06,-2.3737956454107934e-05,8.234015487616455e-06,-7.006147708410303e-06,1.5130645154668046e-06,-9.418652881572748e-07,-8.463944965995433e-07,-6.6354342738957985e-06,-8.130271069649167e-07,2.298486726827943e-05,-2.134237941304392e-05,-4.152566362742151e-06,-7.667989843817739e-07,0.0,0.0,0.0,0.0,0.0,0.0,0.0,0.0,0.0,0.0,0.0,0.0,0.0,0.0,0.0,0.0,0.0,0.0,0.0,0.0,0.0,0.0,0.0,0.0,0.0,0.0,0.0,0.0,0.0
proportion_explained,0,0.7854345220560256,0.05330752254618744,0.033762463018235794,0.02326859982948318,0.02044869293309923,0.018369250257453316,0.010815023952404421,0.010411713312694285,0.006490140429940035,0.005747054940751937,0.005045512281084873,0.0036603864526251854,0.0031806192998851584,0.0029569152091575087,0.0019127656140640688,0.0016035777924896123,0.001513631980058916,0.001387765793907674,0.0012252667618781667,0.0012022213859535045,0.0010261462405284955,0.0010073888183080098,0.0009210440328868627,0.0008279438725850171,0.0007451286993805976,0.0007079734157156535,0.0005763588966083095,0.0004956599908479716,0.00036932271330331854,0.0003073088945632302,0.00027275806519690165,0.0002521063231208293,0.00014269044897158103,0.0001298442020387181,9.436257056190304e-05,7.810004381557358e-05,7.193834411720793e-05,6.438080083977388e-05,4.6537941723426337e-05,4.188335498515206e-05,1.866151564186473e-05,1.7712875674375245e-05,1.7582192005951464e-05,1.24127741929626e-05,6.524346562174889e-06,3.6438466718311885e-06,9.389317725037762e-07,0.0,0.0,0.0,0.0,0.0,0.0,0.0,0.0,0.0,0.0,0.0,0.0,0.0,0.0,0.0,0.0,0.0,0.0,0.0,0.0,0.0,0.0,0.0,0.0,0.0,0.0,0.0,0.0,0.0
