"","sample_name","collection_date","collection_site","collection_latitude","collection_longitude","species_code"
"1","KL-CP-14",20201012,"Cheeca",24.90399933,-80.61685944,"AAGA"
"2","KL-PR-8",20201012,"Pickles",24.98698044,-80.41486359,"AAGA"
"3","KL-CP-25",20201012,"Cheeca",24.90399933,-80.61685944,"CNAT"
"4","Tri-24",20210702,"Tavernier Rocks",24.93535233,-80.54960632,"CNAT"
"5","Tri-25",20210702,"Tavernier Rocks",24.93535233,-80.54960632,"CNAT"
"6","Tri-52",20210702,"Tavernier Rocks",24.93535233,-80.54960632,"CNAT"
"7","Tri-47",20210702,"Tavernier Rocks",24.93535233,-80.54960632,"CNAT"
"8","Tri-48",20210702,"Tavernier Rocks",24.93535233,-80.54960632,"CNAT"
"9","Tri-49",20210702,"Tavernier Rocks",24.93535233,-80.54960632,"CNAT"
"10","Tr-4",20210702,"Tavernier Rocks",24.93535233,-80.54960632,"CNAT"
"11","Tri-56",20210702,"Tavernier Rocks",24.93535233,-80.54960632,"CNAT"
"12","Tr-1",20210702,"Tavernier Rocks",24.93535233,-80.54960632,"CNAT"
"13","Tr-21",20210702,"Tavernier Rocks",24.93535233,-80.54960632,"CNAT"
"14","CR-3",20210702,"Conch",24.94844437,-80.46238708,"DLAB"
"15","Tr-31-A",20210702,"Tavernier Rocks",24.93535233,-80.54960632,"DLAB"
"16","Tr-31-B",20210702,"Tavernier Rocks",24.93535233,-80.54960632,"DLAB"
"17","Tr-32",20210702,"Tavernier Rocks",24.93535233,-80.54960632,"DLAB"
"18","CR-16",20210702,"Conch",24.94844437,-80.46238708,"DLAB"
"19","CR-19",20210702,"Conch",24.94844437,-80.46238708,"DLAB"
"20","CR-21",20210702,"Conch",24.94844437,-80.46238708,"DLAB"
"21","KL-CP-1",20201012,"Cheeca",24.90399933,-80.61685944,"DLAB"
"22","KL-CP-11",20201012,"Cheeca",24.90399933,-80.61685944,"DLAB"
"23","KL-CP-12",20201012,"Cheeca",24.90399933,-80.61685944,"DLAB"
"24","KL-CP-4",20201012,"Cheeca",24.90399933,-80.61685944,"DLAB"
"25","KL-CP-7",20201012,"Cheeca",24.90399933,-80.61685944,"DLAB"
"26","KL-CP-9",20201012,"Cheeca",24.90399933,-80.61685944,"DLAB"
"27","KL-CP-16",20201012,"Cheeca",24.90399933,-80.61685944,"DLAB"
"28","KL-CP-36",20201012,"Cheeca",24.90399933,-80.61685944,"DLAB"
"29","KL-CP-26",20201012,"Cheeca",24.90399933,-80.61685944,"DLAB"
"30","KL-CP-31",20201012,"Cheeca",24.90399933,-80.61685944,"DLAB"
"31","KL-CP-33",20201012,"Cheeca",24.90399933,-80.61685944,"DLAB"
"32","KL-CP-38",20201012,"Cheeca",24.90399933,-80.61685944,"DLAB"
"33","KL-CP-39",20201012,"Cheeca",24.90399933,-80.61685944,"DLAB"
"34","KL-CP-45",20201012,"Cheeca",24.90399933,-80.61685944,"DLAB"
"35","KL-CP-46",20201012,"Cheeca",24.90399933,-80.61685944,"DLAB"
"36","KL-CP-52",20201012,"Cheeca",24.90399933,-80.61685944,"DLAB"
"37","KL-CP-58",20201012,"Cheeca",24.90399933,-80.61685944,"DLAB"
"38","KL-CP-64",20201012,"Cheeca",24.90399933,-80.61685944,"DLAB"
"39","KL-CP-68",20201012,"Cheeca",24.90399933,-80.61685944,"DLAB"
"40","KL-CP-85",20201012,"Cheeca",24.90399933,-80.61685944,"DLAB"
"41","KL-CP-76",20201012,"Cheeca",24.90399933,-80.61685944,"DLAB"
"42","KL-CP-80",20201012,"Cheeca",24.90399933,-80.61685944,"DLAB"
"43","KL-CP-87",20201012,"Cheeca",24.90399933,-80.61685944,"DLAB"
"44","Tri-2",20210702,"Triangles",25.00873947,-80.44978333,"DLAB"
"45","Tri-5",20210702,"Triangles",25.00873947,-80.44978333,"DLAB"
"46","Tri-13",20210702,"Triangles",25.00873947,-80.44978333,"DLAB"
"47","Tri-28",20210702,"Tavernier Rocks",24.93535233,-80.54960632,"DLAB"
"48","Tri-20",20210702,"Triangles",25.00873947,-80.44978333,"DLAB"
"49","Tri-39",20210702,"Triangles",25.00873947,-80.44978333,"DLAB"
"50","Tri-30",20210702,"Tavernier Rocks",24.93535233,-80.54960632,"DLAB"
"51","Tri-43",20210702,"Triangles",25.00873947,-80.44978333,"DLAB"
"52","Tri-46",20210702,"Tavernier Rocks",24.93535233,-80.54960632,"DLAB"
"53","Tri-53",20210702,"Tavernier Rocks",24.93535233,-80.54960632,"DLAB"
"54","Tri-58",20210702,"Tavernier Rocks",24.93535233,-80.54960632,"DLAB"
"55","Tr-16",20210702,"Tavernier Rocks",24.93535233,-80.54960632,"DLAB"
"56","Tr-19",20210702,"Tavernier Rocks",24.93535233,-80.54960632,"DLAB"
"57","Tr-23",20210702,"Tavernier Rocks",24.93535233,-80.54960632,"DLAB"
"58","KL-CP-54",20201012,"Cheeca",24.90399933,-80.61685944,"DSTO"
"59","KL-PR-9",20201012,"Pickles",24.98698044,-80.41486359,"DSTO"
"60","Tri-15",20210702,"Triangles",25.00873947,-80.44978333,"DSTO"
"61","Tri-8",20210702,"Triangles",25.00873947,-80.44978333,"DSTO"
"62","Tri-12",20210702,"Triangles",25.00873947,-80.44978333,"DSTO"
"63","Tri-26",20210702,"Tavernier Rocks",24.93535233,-80.54960632,"DSTO"
"64","Tri-23",20210702,"Tavernier Rocks",24.93535233,-80.54960632,"DSTO"
"65","Tri-45",20210702,"Tavernier Rocks",24.93535233,-80.54960632,"DSTO"
"66","CR-27",20210702,"Conch",24.94844437,-80.46238708,"EFAS"
"67","Tri-57",20210702,"Tavernier Rocks",24.93535233,-80.54960632,"MALI"
"68","Tri-59",20210702,"Tavernier Rocks",24.93535233,-80.54960632,"MALI"
"69","KL-CP-81",20201012,"Cheeca",24.90399933,-80.61685944,"MANG"
"70","KL-CP-88",20201012,"Cheeca",24.90399933,-80.61685944,"MANG"
"71","Tri-29",20210702,"Tavernier Rocks",24.93535233,-80.54960632,"MANG"
"72","CR-9",20210702,"Conch",24.94844437,-80.46238708,"MCAV"
"73","CR-20",20210702,"Conch",24.94844437,-80.46238708,"MCAV"
"74","CR-43",20210702,"Conch",24.94844437,-80.46238708,"MCAV"
"75","CR-36",20210702,"Conch",24.94844437,-80.46238708,"MCAV"
"76","CR-54",20210702,"Conch",24.94844437,-80.46238708,"MCAV"
"77","CR-50",20210702,"Conch",24.94844437,-80.46238708,"MCAV"
"78","KL-CP-44",20201012,"Cheeca",24.90399933,-80.61685944,"MCAV"
"79","KL-PR-10",20201012,"Pickles",24.98698044,-80.41486359,"MCOM"
"80","CR-12",20210702,"Conch",24.94844437,-80.46238708,"MDEC"
"81","CR-13",20210702,"Conch",24.94844437,-80.46238708,"MDEC"
"82","KL-PR-1",20201012,"Pickles",24.98698044,-80.41486359,"MDEC"
"83","KL-CP-24",20201012,"Cheeca",24.90399933,-80.61685944,"OANN"
"84","KL-CP-27",20201012,"Cheeca",24.90399933,-80.61685944,"OANN"
"85","Tri-51",20210702,"Tavernier Rocks",24.93535233,-80.54960632,"OANN"
"86","Tr-30",20210702,"Tavernier Rocks",24.93535233,-80.54960632,"OFAV"
"87","Tr-33",20210702,"Tavernier Rocks",24.93535233,-80.54960632,"OFAV"
"88","Tr-35",20210702,"Tavernier Rocks",24.93535233,-80.54960632,"OFAV"
"89","CR-14",20210702,"Conch",24.94844437,-80.46238708,"OFAV"
"90","CR-15",20210702,"Conch",24.94844437,-80.46238708,"OFAV"
"91","CR-6",20210702,"Conch",24.94844437,-80.46238708,"OFAV"
"92","CR-8",20210702,"Conch",24.94844437,-80.46238708,"OFAV"
"93","CR-10",20210702,"Conch",24.94844437,-80.46238708,"OFAV"
"94","CR-11",20210702,"Conch",24.94844437,-80.46238708,"OFAV"
"95","CR-23",20210702,"Conch",24.94844437,-80.46238708,"OFAV"
"96","CR-24",20210702,"Conch",24.94844437,-80.46238708,"OFAV"
"97","CR-45",20210702,"Conch",24.94844437,-80.46238708,"OFAV"
"98","CR-51",20210702,"Conch",24.94844437,-80.46238708,"OFAV"
"99","CR-57",20210702,"Conch",24.94844437,-80.46238708,"OFAV"
"100","CR-58",20210702,"Conch",24.94844437,-80.46238708,"OFAV"
"101","KL-CP-10",20201012,"Cheeca",24.90399933,-80.61685944,"OFAV"
"102","KL-CP-2",20201012,"Cheeca",24.90399933,-80.61685944,"OFAV"
"103","KL-CP-5",20201012,"Cheeca",24.90399933,-80.61685944,"OFAV"
"104","KL-CP-8",20201012,"Cheeca",24.90399933,-80.61685944,"OFAV"
"105","KL-CP-22",20201012,"Cheeca",24.90399933,-80.61685944,"OFAV"
"106","KL-CP-21",20201012,"Cheeca",24.90399933,-80.61685944,"OFAV"
"107","KL-CP-37",20201012,"Cheeca",24.90399933,-80.61685944,"OFAV"
"108","KL-CP-29",20201012,"Cheeca",24.90399933,-80.61685944,"OFAV"
"109","KL-CP-43",20201012,"Cheeca",24.90399933,-80.61685944,"OFAV"
"110","KL-CP-50",20201012,"Cheeca",24.90399933,-80.61685944,"OFAV"
"111","KL-CP-59",20201012,"Cheeca",24.90399933,-80.61685944,"OFAV"
"112","KL-CP-53",20201012,"Cheeca",24.90399933,-80.61685944,"OFAV"
"113","KL-CP-55",20201012,"Cheeca",24.90399933,-80.61685944,"OFAV"
"114","KL-CP-62",20201012,"Cheeca",24.90399933,-80.61685944,"OFAV"
"115","KL-CP-74",20201012,"Cheeca",24.90399933,-80.61685944,"OFAV"
"116","KL-CP-67",20201012,"Cheeca",24.90399933,-80.61685944,"OFAV"
"117","KL-CP-70",20201012,"Cheeca",24.90399933,-80.61685944,"OFAV"
"118","KL-CP-75",20201012,"Cheeca",24.90399933,-80.61685944,"OFAV"
"119","KL-CP-77",20201012,"Cheeca",24.90399933,-80.61685944,"OFAV"
"120","KL-PR-7",20201012,"Pickles",24.98698044,-80.41486359,"OFAV"
"121","KL-PR-2",20201012,"Pickles",24.98698044,-80.41486359,"OFAV"
"122","KL-PR-3",20201012,"Pickles",24.98698044,-80.41486359,"OFAV"
"123","KL-PR-5",20201012,"Pickles",24.98698044,-80.41486359,"OFAV"
"124","Tri-16",20210702,"Triangles",25.00873947,-80.44978333,"OFAV"
"125","Tri-7",20210702,"Triangles",25.00873947,-80.44978333,"OFAV"
"126","Tri-11",20210702,"Triangles",25.00873947,-80.44978333,"OFAV"
"127","Tri-17",20210702,"Triangles",25.00873947,-80.44978333,"OFAV"
"128","Tri-18",20210702,"Triangles",25.00873947,-80.44978333,"OFAV"
"129","Tri-40",20210702,"Triangles",25.00873947,-80.44978333,"OFAV"
"130","Tri-31",20210702,"Triangles",25.00873947,-80.44978333,"OFAV"
"131","Tri-37",20210702,"Triangles",25.00873947,-80.44978333,"OFAV"
"132","Tr-2",20210702,"Tavernier Rocks",24.93535233,-80.54960632,"OFAV"
"133","Tr-3",20210702,"Tavernier Rocks",24.93535233,-80.54960632,"OFAV"
"134","CR-5-A",20210702,"Conch",24.94844437,-80.46238708,"PAST"
"135","Tr-34",20210702,"Tavernier Rocks",24.93535233,-80.54960632,"PAST"
"136","CR-1",20210702,"Conch",24.94844437,-80.46238708,"PAST"
"137","CR-5-B",20210702,"Conch",24.94844437,-80.46238708,"PAST"
"138","CR-22",20210702,"Conch",24.94844437,-80.46238708,"PAST"
"139","CR-44",20210702,"Conch",24.94844437,-80.46238708,"PAST"
"140","CR-33",20210702,"Conch",24.94844437,-80.46238708,"PAST"
"141","CR-56",20210702,"Conch",24.94844437,-80.46238708,"PAST"
"142","CR-47",20210702,"Conch",24.94844437,-80.46238708,"PAST"
"143","CR-48",20210702,"Conch",24.94844437,-80.46238708,"PAST"
"144","CR-49",20210702,"Conch",24.94844437,-80.46238708,"PAST"
"145","CR-53",20210702,"Conch",24.94844437,-80.46238708,"PAST"
"146","KL-CP-3",20201012,"Cheeca",24.90399933,-80.61685944,"PAST"
"147","KL-CP-23",20201012,"Cheeca",24.90399933,-80.61685944,"PAST"
"148","KL-CP-17",20201012,"Cheeca",24.90399933,-80.61685944,"PAST"
"149","KL-CP-18",20201012,"Cheeca",24.90399933,-80.61685944,"PAST"
"150","KL-CP-19",20201012,"Cheeca",24.90399933,-80.61685944,"PAST"
"151","KL-CP-20",20201012,"Cheeca",24.90399933,-80.61685944,"PAST"
"152","KL-CP-35",20201012,"Cheeca",24.90399933,-80.61685944,"PAST"
"153","KL-CP-28",20201012,"Cheeca",24.90399933,-80.61685944,"PAST"
"154","KL-CP-32",20201012,"Cheeca",24.90399933,-80.61685944,"PAST"
"155","KL-CP-34",20201012,"Cheeca",24.90399933,-80.61685944,"PAST"
"156","KL-CP-47",20201012,"Cheeca",24.90399933,-80.61685944,"PAST"
"157","KL-CP-41",20201012,"Cheeca",24.90399933,-80.61685944,"PAST"
"158","KL-CP-42",20201012,"Cheeca",24.90399933,-80.61685944,"PAST"
"159","KL-CP-60",20201012,"Cheeca",24.90399933,-80.61685944,"PAST"
"160","KL-CP-56",20201012,"Cheeca",24.90399933,-80.61685944,"PAST"
"161","KL-CP-72",20201012,"Cheeca",24.90399933,-80.61685944,"PAST"
"162","KL-CP-73",20201012,"Cheeca",24.90399933,-80.61685944,"PAST"
"163","KL-CP-84",20201012,"Cheeca",24.90399933,-80.61685944,"PAST"
"164","KL-CP-79",20201012,"Cheeca",24.90399933,-80.61685944,"PAST"
"165","KL-CP-82",20201012,"Cheeca",24.90399933,-80.61685944,"PAST"
"166","KL-CP-83",20201012,"Cheeca",24.90399933,-80.61685944,"PAST"
"167","Tri-14",20210702,"Triangles",25.00873947,-80.44978333,"PAST"
"168","Tri-10",20210702,"Triangles",25.00873947,-80.44978333,"PAST"
"169","Tri-38",20210702,"Triangles",25.00873947,-80.44978333,"PAST"
"170","Tri-34",20210702,"Triangles",25.00873947,-80.44978333,"PAST"
"171","Tri-44",20210702,"Triangles",25.00873947,-80.44978333,"PAST"
"172","Tr-6",20210702,"Tavernier Rocks",24.93535233,-80.54960632,"PAST"
"173","Tr-7",20210702,"Tavernier Rocks",24.93535233,-80.54960632,"PAST"
"174","KL-CP-90",20201012,"Cheeca",24.90399933,-80.61685944,"PCLI"
"175","Tr-28",20210702,"Tavernier Rocks",24.93535233,-80.54960632,"PCLI"
"176","Tri-50",20210702,"Tavernier Rocks",24.93535233,-80.54960632,"PCLI"
"177","Tri-55",20210702,"Tavernier Rocks",24.93535233,-80.54960632,"PCLI"
"178","CR-26",20210702,"Conch",24.94844437,-80.46238708,"PPOR"
"179","KL-PR-6",20201012,"Pickles",24.98698044,-80.41486359,"PPOR"
"180","Tri-4",20210702,"Triangles",25.00873947,-80.44978333,"PPOR"
"181","Tri-33",20210702,"Triangles",25.00873947,-80.44978333,"PPOR"
"182","Tri-41",20210702,"Triangles",25.00873947,-80.44978333,"PPOR"
"183","Tr-29",20210702,"Tavernier Rocks",24.93535233,-80.54960632,"PSTR"
"184","CR-17",20210702,"Conch",24.94844437,-80.46238708,"PSTR"
"185","CR-18",20210702,"Conch",24.94844437,-80.46238708,"PSTR"
"186","CR-32",20210702,"Conch",24.94844437,-80.46238708,"PSTR"
"187","KL-CP-69",20201012,"Cheeca",24.90399933,-80.61685944,"PSTR"
"188","Tri-54",20210702,"Tavernier Rocks",24.93535233,-80.54960632,"PSTR"
"189","Tri-60",20210702,"Tavernier Rocks",24.93535233,-80.54960632,"PSTR"
"190","Tr-5",20210702,"Tavernier Rocks",24.93535233,-80.54960632,"PSTR"
"191","KL-CP-40",20201012,"Cheeca",24.90399933,-80.61685944,"SBOU"
"192","Tri-6",20210702,"Triangles",25.00873947,-80.44978333,"SBOU"
"193","Tri-27",20210702,"Tavernier Rocks",24.93535233,-80.54960632,"SBOU"
"194","Tri-19",20210702,"Triangles",25.00873947,-80.44978333,"SBOU"
"195","Tri-32",20210702,"Triangles",25.00873947,-80.44978333,"SBOU"
"196","Tr-14",20210702,"Tavernier Rocks",24.93535233,-80.54960632,"SBOU"
"197","Tr-8",20210702,"Tavernier Rocks",24.93535233,-80.54960632,"SBOU"
"198","Tr-17",20210702,"Tavernier Rocks",24.93535233,-80.54960632,"SBOU"
"199","Tr-26",20210702,"Tavernier Rocks",24.93535233,-80.54960632,"SBOU"
"200","Tr-27",20210702,"Tavernier Rocks",24.93535233,-80.54960632,"SBOU"
"201","Tr-22",20210702,"Tavernier Rocks",24.93535233,-80.54960632,"SBOU"
"202","Tr-24",20210702,"Tavernier Rocks",24.93535233,-80.54960632,"SBOU"
"203","Tri-1",20210702,"Triangles",25.00873947,-80.44978333,"SBOU"
"204","CR-4",20210702,"Conch",24.94844437,-80.46238708,"SINT"
"205","CR-7",20210702,"Conch",24.94844437,-80.46238708,"SINT"
"206","CR-30",20210702,"Conch",24.94844437,-80.46238708,"SINT"
"207","CR-34",20210702,"Conch",24.94844437,-80.46238708,"SINT"
"208","CR-41",20210702,"Conch",24.94844437,-80.46238708,"SINT"
"209","CR-55",20210702,"Conch",24.94844437,-80.46238708,"SINT"
"210","CR-46",20210702,"Conch",24.94844437,-80.46238708,"SINT"
"211","CR-52",20210702,"Conch",24.94844437,-80.46238708,"SINT"
"212","KL-CP-6",20201012,"Cheeca",24.90399933,-80.61685944,"SINT"
"213","KL-CP-13",20201012,"Cheeca",24.90399933,-80.61685944,"SINT"
"214","KL-CP-15",20201012,"Cheeca",24.90399933,-80.61685944,"SINT"
"215","KL-CP-48",20201012,"Cheeca",24.90399933,-80.61685944,"SINT"
"216","KL-CP-49",20201012,"Cheeca",24.90399933,-80.61685944,"SINT"
"217","KL-CP-61",20201012,"Cheeca",24.90399933,-80.61685944,"SINT"
"218","KL-CP-51",20201012,"Cheeca",24.90399933,-80.61685944,"SINT"
"219","KL-CP-57",20201012,"Cheeca",24.90399933,-80.61685944,"SINT"
"220","KL-CP-63",20201012,"Cheeca",24.90399933,-80.61685944,"SINT"
"221","KL-CP-65",20201012,"Cheeca",24.90399933,-80.61685944,"SINT"
"222","KL-CP-71",20201012,"Cheeca",24.90399933,-80.61685944,"SINT"
"223","KL-CP-86",20201012,"Cheeca",24.90399933,-80.61685944,"SINT"
"224","KL-CP-89",20201012,"Cheeca",24.90399933,-80.61685944,"SINT"
"225","KL-PR-4",20201012,"Pickles",24.98698044,-80.41486359,"SINT"
"226","Tri-36",20210702,"Triangles",25.00873947,-80.44978333,"SINT"
"227","Tr-13",20210702,"Tavernier Rocks",24.93535233,-80.54960632,"SINT"
"228","Tr-18",20210702,"Tavernier Rocks",24.93535233,-80.54960632,"SINT"
"229","Tr-20",20210702,"Tavernier Rocks",24.93535233,-80.54960632,"SINT"
"230","CR-28",20210702,"Conch",24.94844437,-80.46238708,"SRAD"
"231","CR-29",20210702,"Conch",24.94844437,-80.46238708,"SRAD"
"232","CR-59",20210702,"Conch",24.94844437,-80.46238708,"SRAD"
"233","Tr-15",20210702,"Tavernier Rocks",24.93535233,-80.54960632,"SRAD"
"234","Tr-25",20210702,"Tavernier Rocks",24.93535233,-80.54960632,"SRAD"
"235","CR-25",20210702,"Conch",24.94844437,-80.46238708,"SSID"
"236","CR-42",20210702,"Conch",24.94844437,-80.46238708,"SSID"
"237","CR-60",20210702,"Conch",24.94844437,-80.46238708,"SSID"
"238","Tri-3",20210702,"Triangles",25.00873947,-80.44978333,"SSID"
"239","Tri-9",20210702,"Triangles",25.00873947,-80.44978333,"SSID"
"240","Tri-42",20210702,"Triangles",25.00873947,-80.44978333,"SSID"
"241","Tr-9",20210702,"Tavernier Rocks",24.93535233,-80.54960632,"SSID"
"242","Tr-10",20210702,"Tavernier Rocks",24.93535233,-80.54960632,"SSID"
"243","Tr-11",20210702,"Tavernier Rocks",24.93535233,-80.54960632,"SSID"
"244","Tri-35",20210702,"Triangles",25.00873947,-80.44978333,"UNK"
"245","CR-31",20210702,"Conch",24.94844437,-80.46238708,"UNK"
"246","CR-40",20210702,"Conch",24.94844437,-80.46238708,"UNK"
"247","KL-CP-78",20201012,"Cheeca",24.90399933,-80.61685944,"UNK"
"248","KL-PR-11",20201012,"Pickles",24.98698044,-80.41486359,"UNK"
"249","KL-PR-12",20201012,"Pickles",24.98698044,-80.41486359,"UNK"
"250","KL-PR-13",20201012,"Pickles",24.98698044,-80.41486359,"UNK"
"251","KL-PR-14",20201012,"Pickles",24.98698044,-80.41486359,"UNK"
"252","KL-PR-15",20201012,"Pickles",24.98698044,-80.41486359,"UNK"
"253","KL-PR-16",20201012,"Pickles",24.98698044,-80.41486359,"UNK"
"254","Tri-21",20210702,"Triangles",25.00873947,-80.44978333,"UNK"
"255","Tri-22",20210702,"Triangles",25.00873947,-80.44978333,"UNK"
"256","Tr-12",20210702,"Tavernier Rocks",24.93535233,-80.54960632,"UNK"
"257","KL-258",20010623,"Tavernier Rocks",24.93535233,-80.54960632,"CARB"
"258","KL-260",20010623,"Tavernier Rocks",24.93535233,-80.54960632,"CARB"
"259","KL-5-foamy",20010621,"Little Grecian",25.11901093,-80.30082703,"CNAT"
"260","KL-35",20010621,"Little Grecian",25.11901093,-80.30082703,"CNAT"
"261","KL-589",20030522,"Pickles",24.98698044,-80.41486359,"CNAT"
"262","KL-699",20030930,"Cheeca",24.90399933,-80.61685944,"CNAT"
"263","KL-60",20010621,"Outer Reef",25.11186028,-80.28582764,"CNAT"
"264","KL-68",20010621,"Outer Reef",25.11186028,-80.28582764,"CNAT"
"265","KL-84",20010622,"Conch",24.94844437,-80.46238708,"CNAT"
"266","KL-245",20010623,"Tavernier Rocks",24.93535233,-80.54960632,"CNAT"
"267","KL-248",20010623,"Tavernier Rocks",24.93535233,-80.54960632,"CNAT"
"268","KL-342",20020926,"Cheeca",24.90399933,-80.61685944,"DLAB"
"269","KL-343",20020926,"Cheeca",24.90399933,-80.61685944,"DLAB"
"270","KL-015",20010621,"Little Grecian",25.11901093,-80.30082703,"DLAB"
"271","KL-366",20020926,"Cheeca",24.90399933,-80.61685944,"DLAB"
"272","KL-367",20020926,"Cheeca",24.90399933,-80.61685944,"DLAB"
"273","KL-003",20010621,"Little Grecian",25.11901093,-80.30082703,"DLAB"
"274","KL-025",20010621,"Little Grecian",25.11901093,-80.30082703,"DLAB"
"275","KL-27",20010621,"Little Grecian",25.11901093,-80.30082703,"DLAB"
"276","KL-29",20010621,"Little Grecian",25.11901093,-80.30082703,"DLAB"
"277","KL-396",20020926,"Cheeca",24.90399933,-80.61685944,"DLAB"
"278","KL-376",20020926,"Cheeca",24.90399933,-80.61685944,"DLAB"
"279","KL-377",20020926,"Cheeca",24.90399933,-80.61685944,"DLAB"
"280","KL-64",20010621,"Outer Reef",25.11186028,-80.28582764,"DLAB"
"281","KL-69",20010621,"Outer Reef",25.11186028,-80.28582764,"DLAB"
"282","KL-98",20010622,"Conch",24.94844437,-80.46238708,"DLAB"
"283","KL-113",20010622,"Conch",24.94844437,-80.46238708,"DLAB"
"284","KL-110",20010622,"Conch",24.94844437,-80.46238708,"DLAB"
"285","KL-116",20010622,"Conch",24.94844437,-80.46238708,"DLAB"
"286","KL-119",20010622,"Conch",24.94844437,-80.46238708,"DLAB"
"287","KL-121",20010622,"Conch",24.94844437,-80.46238708,"DLAB"
"288","KL-122",20010622,"Conch",24.94844437,-80.46238708,"DLAB"
"289","KL-158",20010622,"Triangles",25.00873947,-80.44978333,"DLAB"
"290","KL-162",20010622,"Triangles",25.00873947,-80.44978333,"DLAB"
"291","KL-170",20010622,"Triangles",25.00873947,-80.44978333,"DLAB"
"292","KL-178",20010622,"Triangles",25.00873947,-80.44978333,"DLAB"
"293","KL-244",20010623,"Tavernier Rocks",24.93535233,-80.54960632,"DLAB"
"294","KL-250",20010623,"Tavernier Rocks",24.93535233,-80.54960632,"DLAB"
"295","KL-7",20010621,"Little Grecian",25.11901093,-80.30082703,"DSTO"
"296","KL-708",20030930,"Cheeca",24.90399933,-80.61685944,"DSTO"
"297","KL-414",20030522,"Pickles",24.98698044,-80.41486359,"DSTO"
"298","KL-49",20010621,"Outer Reef",25.11186028,-80.28582764,"DSTO"
"299","KL-71",20010621,"Outer Reef",25.11186028,-80.28582764,"DSTO"
"300","KL-77",20010621,"Outer Reef",25.11186028,-80.28582764,"DSTO"
"301","KL-127",20010622,"Conch",24.94844437,-80.46238708,"DSTO"
"302","KL-100",20010622,"Conch",24.94844437,-80.46238708,"EFAS"
"303","KL-710",20030930,"Cheeca",24.90399933,-80.61685944,"MANG"
"304","KL-587",20030522,"Pickles",24.98698044,-80.41486359,"MCOM"
"305","KL-413",20030522,"Pickles",24.98698044,-80.41486359,"MCOM"
"306","KL-416",20030522,"Pickles",24.98698044,-80.41486359,"MDEC"
"307","KL-418",20030522,"Pickles",24.98698044,-80.41486359,"MMEA"
"308","KL-423",20030522,"Pickles",24.98698044,-80.41486359,"OFAV"
"309","KL-424",20030522,"Pickles",24.98698044,-80.41486359,"OFAV"
"310","KL-400",20020926,"Cheeca",24.90399933,-80.61685944,"OFAV"
"311","KL-403",20020926,"Cheeca",24.90399933,-80.61685944,"OFAV"
"312","KL-590",20030522,"Tavernier Creek, down from fuel docks on point, end of transect",25.00673294,-80.5297699,"OFAV"
"313","KL-406",20020926,"Cheeca",24.90399933,-80.61685944,"OFAV"
"314","KL-421",20030522,"Pickles",24.98698044,-80.41486359,"OFAV"
"315","KL-422",20030522,"Pickles",24.98698044,-80.41486359,"OFAV"
"316","KL-91",20010622,"Conch",24.94844437,-80.46238708,"OFAV"
"317","KL-92",20010622,"Conch",24.94844437,-80.46238708,"OFAV"
"318","KL-93",20010622,"Conch",24.94844437,-80.46238708,"OFAV"
"319","KL-96",20010622,"Conch",24.94844437,-80.46238708,"OFAV"
"320","KL-105",20010622,"Conch",24.94844437,-80.46238708,"OFAV"
"321","KL-126",20010622,"Conch",24.94844437,-80.46238708,"OFAV"
"322","KL-117",20010622,"Conch",24.94844437,-80.46238708,"OFAV"
"323","KL-168",20010622,"Triangles",25.00873947,-80.44978333,"OFAV"
"324","KL-160",20010622,"Triangles",25.00873947,-80.44978333,"OFAV"
"325","KL-163",20010622,"Triangles",25.00873947,-80.44978333,"OFAV"
"326","KL-172",20010622,"Triangles",25.00873947,-80.44978333,"OFAV"
"327","KL-173",20010622,"Triangles",25.00873947,-80.44978333,"OFAV"
"328","KL-177",20010622,"Triangles",25.00873947,-80.44978333,"OFAV"
"329","KL-232",20010623,"Tavernier Rocks",24.93535233,-80.54960632,"OFAV"
"330","KL-233",20010623,"Tavernier Rocks",24.93535233,-80.54960632,"OFAV"
"331","KL-253",20010623,"Tavernier Rocks",24.93535233,-80.54960632,"OFAV"
"332","KL-254",20010623,"Tavernier Rocks",24.93535233,-80.54960632,"OFAV"
"333","KL-252",20010623,"Tavernier Rocks",24.93535233,-80.54960632,"OFAV"
"334","KL-704",20030930,"Cheeca",24.90399933,-80.61685944,"OVAR"
"335","KL-344",20020926,"Cheeca",24.90399933,-80.61685944,"PAST"
"336","KL-345",20020926,"Cheeca",24.90399933,-80.61685944,"PAST"
"337","KL-360",20020926,"Cheeca",24.90399933,-80.61685944,"PAST"
"338","KL-19",20010621,"Little Grecian",25.11901093,-80.30082703,"PAST"
"339","KL-257",20010623,"Tavernier Rocks",24.93535233,-80.54960632,"PAST"
"340","KL-701",20030930,"Cheeca",24.90399933,-80.61685944,"PAST"
"341","KL-111",20010622,"Conch",24.94844437,-80.46238708,"PAST"
"342","KL-67",20010621,"Outer Reef",25.11186028,-80.28582764,"PAST"
"343","KL-87",20010622,"Conch",24.94844437,-80.46238708,"PAST"
"344","KL-88",20010622,"Conch",24.94844437,-80.46238708,"PAST"
"345","KL-80",20010622,"Conch",24.94844437,-80.46238708,"PAST"
"346","KL-82",20010622,"Conch",24.94844437,-80.46238708,"PAST"
"347","KL-99",20010622,"Conch",24.94844437,-80.46238708,"PAST"
"348","KL-95",20010622,"Conch",24.94844437,-80.46238708,"PAST"
"349","KL-114",20010622,"Conch",24.94844437,-80.46238708,"PAST"
"350","KL-112",20010622,"Conch",24.94844437,-80.46238708,"PAST"
"351","KL-120",20010622,"Conch",24.94844437,-80.46238708,"PAST"
"352","KL-159",20010622,"Triangles",25.00873947,-80.44978333,"PAST"
"353","KL-161",20010622,"Triangles",25.00873947,-80.44978333,"PAST"
"354","KL-164",20010622,"Triangles",25.00873947,-80.44978333,"PAST"
"355","KL-165",20010622,"Triangles",25.00873947,-80.44978333,"PAST"
"356","KL-234",20010623,"Tavernier Rocks",24.93535233,-80.54960632,"PAST"
"357","KL-176",20010622,"Triangles",25.00873947,-80.44978333,"PAST"
"358","KL-415",20030522,"Pickles",24.98698044,-80.41486359,"PCLI"
"359","KL-702",20030930,"Cheeca",24.90399933,-80.61685944,"PCLI"
"360","KL-412",20030522,"Pickles",24.98698044,-80.41486359,"PPOR"
"361","KL-83",20010622,"Conch",24.94844437,-80.46238708,"PPOR"
"362","KL-123",20010622,"Conch",24.94844437,-80.46238708,"PPOR"
"363","KL-157",20010622,"Triangles",25.00873947,-80.44978333,"PPOR"
"364","KL-166",20010622,"Triangles",25.00873947,-80.44978333,"PPOR"
"365","KL-33",20010621,"Little Grecian",25.11901093,-80.30082703,"PSTR"
"366","KL-37",20010621,"Little Grecian",25.11901093,-80.30082703,"PSTR"
"367","KL-705",20030930,"Cheeca",24.90399933,-80.61685944,"PSTR"
"368","KL-62",20010621,"Outer Reef",25.11186028,-80.28582764,"PSTR"
"369","KL-102",20010622,"Conch",24.94844437,-80.46238708,"PSTR"
"370","KL-97",20010622,"Conch",24.94844437,-80.46238708,"PSTR"
"371","KL-106",20010622,"Conch",24.94844437,-80.46238708,"PSTR"
"372","KL-125",20010622,"Conch",24.94844437,-80.46238708,"PSTR"
"373","KL-174",20010622,"Triangles",25.00873947,-80.44978333,"PSTR"
"374","KL-17",20010621,"Little Grecian",25.11901093,-80.30082703,"SBOU"
"375","KL-41",20010621,"Outer Reef",25.11186028,-80.28582764,"SBOU"
"376","KL-45",20010621,"Outer Reef",25.11186028,-80.28582764,"SBOU"
"377","KL-709",20030930,"Cheeca",24.90399933,-80.61685944,"SBOU"
"378","KL-53",20010621,"Outer Reef",25.11186028,-80.28582764,"SBOU"
"379","KL-56",20010621,"Outer Reef",25.11186028,-80.28582764,"SBOU"
"380","KL-59",20010621,"Outer Reef",25.11186028,-80.28582764,"SBOU"
"381","KL-66",20010621,"Outer Reef",25.11186028,-80.28582764,"SBOU"
"382","KL-76",20010621,"Outer Reef",25.11186028,-80.28582764,"SBOU"
"383","KL-86",20010622,"Conch",24.94844437,-80.46238708,"SBOU"
"384","KL-241",20010623,"Tavernier Rocks",24.93535233,-80.54960632,"SBOU"
"385","KL-242",20010623,"Tavernier Rocks",24.93535233,-80.54960632,"SBOU"
"386","KL-249",20010623,"Tavernier Rocks",24.93535233,-80.54960632,"SBOU"
"387","KL-156",20010622,"Triangles",25.00873947,-80.44978333,"SBOU"
"388","KL-348",20020926,"Cheeca",24.90399933,-80.61685944,"SINT"
"389","KL-339",20020926,"Cheeca",24.90399933,-80.61685944,"SINT"
"390","KL-349",20020926,"Cheeca",24.90399933,-80.61685944,"SINT"
"391","KL-9",20010621,"Little Grecian",25.11901093,-80.30082703,"SINT"
"392","KL-374",20020926,"Cheeca",24.90399933,-80.61685944,"SINT"
"393","KL-375",20020926,"Cheeca",24.90399933,-80.61685944,"SINT"
"394","KL-379",20020926,"Cheeca",24.90399933,-80.61685944,"SINT"
"395","KL-425",20020925,"Pickles",24.98698044,-80.41486359,"SINT"
"396","KL-700",20030930,"Cheeca",24.90399933,-80.61685944,"SINT"
"397","KL-378",20020926,"Cheeca",24.90399933,-80.61685944,"SINT"
"398","KL-70",20010621,"Outer Reef",25.11186028,-80.28582764,"SINT"
"399","KL-61",20010621,"Outer Reef",25.11186028,-80.28582764,"SINT"
"400","KL-72",20010621,"Outer Reef",25.11186028,-80.28582764,"SINT"
"401","KL-89",20010622,"Conch",24.94844437,-80.46238708,"SINT"
"402","KL-73",20010621,"Outer Reef",25.11186028,-80.28582764,"SINT"
"403","KL-90",20010622,"Conch",24.94844437,-80.46238708,"SINT"
"404","KL-94",20010622,"Conch",24.94844437,-80.46238708,"SINT"
"405","KL-103",20010622,"Conch",24.94844437,-80.46238708,"SINT"
"406","KL-115",20010622,"Conch",24.94844437,-80.46238708,"SINT"
"407","KL-104",20010622,"Conch",24.94844437,-80.46238708,"SINT"
"408","KL-107",20010622,"Conch",24.94844437,-80.46238708,"SINT"
"409","KL-108",20010622,"Conch",24.94844437,-80.46238708,"SINT"
"410","KL-118",20010622,"Conch",24.94844437,-80.46238708,"SINT"
"411","KL-169",20010622,"Triangles",25.00873947,-80.44978333,"SINT"
"412","KL-237",20010623,"Tavernier Rocks",24.93535233,-80.54960632,"SINT"
"413","KL-431",20030523,"Tavernier Rocks",24.93535233,-80.54960632,"SRAD"
"414","KL-426",20030523,"Tavernier Rocks",24.93535233,-80.54960632,"SRAD"
"415","KL-427",20030523,"Tavernier Rocks",24.93535233,-80.54960632,"SRAD"
"416","KL-591",20030523,"Tavernier Creek, down from fuel docks on point, end of transect",25.00673294,-80.5297699,"SRAD"
"417","KL-428",20030523,"Tavernier Rocks",24.93535233,-80.54960632,"SRAD"
"418","KL-429",20030523,"Tavernier Rocks",24.93535233,-80.54960632,"SRAD"
"419","KL-255",20010623,"Tavernier Rocks",24.93535233,-80.54960632,"SRAD"
"420","KL-430",20030523,"Tavernier Rocks",24.93535233,-80.54960632,"SRAD"
"421","KL-240",20010623,"Tavernier Rocks",24.93535233,-80.54960632,"SRAD"
"422","KL-247",20010623,"Tavernier Rocks",24.93535233,-80.54960632,"SRAD"
"423","R1",20240406,"SS35",24.97449,-80.41465,"SSID"
"424","R2",20240406,"SS35",24.97449,-80.41465,"SSID"
"425","R3",20240406,"SS35",24.97449,-80.41465,"MCAV"
"426","R4",20240406,"SS35",24.97449,-80.41465,"MCAV"
"427","R5",20240406,"SS35",24.97449,-80.41465,"MCAV"
"428","R6",20240406,"SS35",24.97449,-80.41465,"SSID"
"429","R7",20240406,"SS35",24.97449,-80.41465,"SSID"
"430","R8",20240406,"SS35",24.97449,-80.41465,"SSID"
"431","R9",20240406,"SS35",24.97449,-80.41465,"SINT"
"432","R10",20240406,"SS35",24.97449,-80.41465,"SRAD"
"433","R11",20240406,"SS35",24.97449,-80.41465,"SINT"
"434","R12",20240406,"SS35",24.97449,-80.41465,"OFAV"
"435","R13",20240406,"SS35",24.97449,-80.41465,"PSTR"
"436","R14",20240406,"triangles",25.00636,-80.44709,"SINT"
"437","R15",20240406,"triangles",25.00636,-80.44709,"SBOU"
"438","R16",20240406,"triangles",25.00636,-80.44709,"OFAV"
"439","R17",20240406,"triangles",25.00636,-80.44709,"DLAB"
"440","R18",20240406,"triangles",25.00636,-80.44709,"SINT"
"441","R19",20240406,"triangles",25.00636,-80.44709,"SBOU"
"442","R20",20240406,"triangles",25.00636,-80.44709,"SINT"
"443","R21",20240406,"triangles",25.00636,-80.44709,"MCAV"
"444","R22",20240406,"triangles",25.00636,-80.44709,"OFAV"
"445","R23",20240406,"triangles",25.00636,-80.44709,"SBOU"
"446","R24",20240406,"triangles",25.00636,-80.44709,"PCLI"
"447","R25",20240406,"triangles",25.00636,-80.44709,"OFAV"
"448","R26",20240406,"triangles",25.00636,-80.44709,"SINT"
"449","R27",20240406,"triangles",25.00636,-80.44709,"DLAB"
"450","R28",20240406,"triangles",25.00636,-80.44709,"DLAB"
"451","R29",20240406,"triangles",25.00636,-80.44709,"SINT"
"452","R30",20240406,"triangles",25.00636,-80.44709,"SBOU"
"453","R31",20240406,"SS35",24.97449,-80.436824,"PAST"
"454","R32",20240406,"SS35",24.97449,-80.436824,"SINT"
"455","R33",20240406,"SS35",24.97449,-80.436824,"MCAV"
"456","R34",20240406,"SS35",24.97449,-80.436824,"MCAV"
"457","R35",20240406,"SS35",24.97449,-80.436824,"PAST"
"458","R36",20240406,"SS35",24.97449,-80.436824,"SINT"
"459","R37",20240406,"SS35",24.97449,-80.436824,"SINT"
"460","R38",20240406,"SS35",24.97449,-80.436824,"PAST"
"461","R39",20240406,"SS35",24.97449,-80.436824,"SINT"
"462","R40",20240406,"SS35",24.97449,-80.436824,"OFAV"
"463","R41",20240406,"SS35",24.97449,-80.436824,"SRAD"
"464","R42",20240406,"SS35",24.97449,-80.436824,"SINT"
"465","R43",20240406,"SS35",24.97449,-80.436824,"PAST"
"466","R44",20240406,"SS35",24.97449,-80.436824,"PAST"
"467","R45",20240406,"SS35",24.97449,-80.436824,"CNAT"
"468","R46",20240406,"SS35",24.97449,-80.436824,"SRAD"
"469","R47",20240406,"SS35",24.97449,-80.436824,"OFAV"
"470","R48",20240406,"SS35",24.97449,-80.436824,"SRAD"
"471","R49",20240406,"Pickles",24.987739,-80.41465,"SSID"
"472","R50",20240406,"Pickles",24.987739,-80.41465,"SINT"
"473","R51",20240406,"Pickles",24.987739,-80.41465,"SSID"
"474","R52",20240406,"Pickles",24.987739,-80.41465,"SSID"
"475","R55",20240406,"Little Grecian",25.11895,-80.300412,"NEC"
"476","R56",20240406,"Little Grecian",25.11895,-80.300412,"OFAV"
"477","R57",20240406,"Little Grecian",25.11895,-80.300412,"MCAV"
"478","R58",20240406,"Little Grecian",25.11895,-80.300412,"DLAB"
"479","R59",20240406,"Cheeca Rocks-Ball2",24.90468,-80.61573,"CNAT"
"480","R60",20240406,"Pickles",24.987739,-80.41465,"DLAB"
"481","R61",20240406,"conch reef",24.94438,-80.45959,"OFAV"
"482","R62",20240406,"conch reef",24.94438,-80.45959,"SINT"
"483","R63",20240406,"conch reef",24.94438,-80.45959,"SSID"
"484","R64",20240406,"conch reef",24.94438,-80.45959,"SINT"
"485","R65",20240406,"conch reef",24.94438,-80.45959,"SINT"
"486","R66",20240406,"conch reef",24.94438,-80.45959,"SINT"
"487","R67",20240406,"conch reef",24.94438,-80.45959,"SSID"
"488","R68",20240406,"conch reef",24.94438,-80.45959,"SINT"
"489","R69",20240406,"conch reef",24.94438,-80.45959,"SINT"
"490","R70",20240406,"conch reef",24.94438,-80.45959,"SINT"
"491","R71",20240406,"conch reef",24.94438,-80.45959,"PAST"
"492","R72",20240406,"conch reef",24.94438,-80.45959,"DLAB"
"493","R73",20240406,"conch reef",24.94438,-80.45959,"SINT"
"494","R74",20240406,"conch reef",24.94438,-80.45959,"DLAB"
"495","R75",20240406,"conch reef",24.94438,-80.45959,"OFAV"
"496","R76",20240406,"conch reef",24.94438,-80.45959,"SSID"
"497","R77",20240406,"conch reef",24.94438,-80.45959,"OFAV"
"498","R78",20240406,"conch reef",24.94438,-80.45959,"SSID"
"499","R79",20240406,"conch reef",24.94438,-80.45959,"SINT"
"500","R80",20240406,"conch reef",24.94438,-80.45959,"DLAB"
"501","R81",20240406,"conch reef",24.94438,-80.45959,"OFAV"
"502","R82",20240406,"conch reef",24.94438,-80.45959,"OFAV"
"503","R83",20240406,"conch reef",24.94438,-80.45959,"PSTR"
"504","R84",20240406,"conch reef",24.94438,-80.45959,"SSID"
"505","R85",20240406,"conch reef",24.94438,-80.45959,"PAST"
"506","R86",20240406,"conch reef",24.94438,-80.45959,"PAST"
"507","R87",20240406,"Pickles",24.987739,-80.41465,"PAST"
"508","R88",20240406,"Pickles",24.987739,-80.41465,"MCAV"
"509","R89",20240406,"Pickles",24.987739,-80.41465,"OFAV"
"510","R90",20240406,"Pickles",24.987739,-80.41465,"OFAV"
"511","R91",20240406,"conch reef",24.94438,-80.45959,"DLAB"
"512","R92",20240406,"conch reef",24.94438,-80.45959,"MCAV"
"513","R93",20240406,"conch reef",24.94438,-80.45959,"OFAV"
"514","R94",20240406,"conch reef",24.94438,-80.45959,"MCAV"
"515","R95",20240406,"conch reef",24.94438,-80.45959,"PAST"
"516","R96",20240406,"conch reef",24.94438,-80.45959,"DLAB"
"517","R97",20240406,"conch reef",24.94438,-80.45959,"OFAV"
"518","R98",20240406,"conch reef",24.94438,-80.45959,"MCAV"
"519","R99",20240406,"conch reef",24.94438,-80.45959,"SSID"
"520","R100",20240406,"conch reef",24.94438,-80.45959,"MCAV"
"521","R101",20240406,"conch reef",24.94438,-80.45959,"PAST"
"522","R102",20240406,"conch reef",24.94438,-80.45959,"MCAV"
"523","R103",20240406,"conch reef",24.94438,-80.45959,"SINT"
"524","R104",20240406,"conch reef",24.94438,-80.45959,"OFAV"
"525","R105",20240406,"conch reef",24.94438,-80.45959,"PAST"
"526","R106",20240406,"conch reef",24.94438,-80.45959,"MCAV"
"527","R107",20240406,"conch reef",24.94438,-80.45959,"OFAV"
"528","R108",20240406,"conch reef",24.94438,-80.45959,"CNAT"
"529","R109",20240406,"conch reef",24.94438,-80.45959,"PSTR"
"530","R110",20240406,"conch reef",24.94438,-80.45959,"PAST"
"531","R111",20240406,"conch reef",24.94438,-80.45959,"OFAV"
"532","R112",20240406,"conch reef",24.94438,-80.45959,"PAST"
"533","R113",20240406,"conch reef",24.94438,-80.45959,"OFAV"
"534","R114",20240406,"conch reef",24.94438,-80.45959,"MCAV"
"535","R115",20240406,"conch reef",24.94438,-80.45959,"OFAV"
"536","R116",20240406,"conch reef",24.94438,-80.45959,"OFAV"
"537","R117",20240406,"conch reef",24.94438,-80.45959,"PAST"
"538","R119",20240406,"Little Grecian",25.11895,-80.300412,"CNAT"
"539","R120",20240406,"Little Grecian",25.11895,-80.300412,"OFAV"
"540","R121",20240406,"triangles",25.00636,-80.44709,"MCAV"
"541","R122",20240406,"triangles",25.00636,-80.44709,"SSID"
"542","R123",20240406,"triangles",25.00636,-80.44709,"SSID"
"543","R124",20240406,"triangles",25.00636,-80.44709,"DLAB"
"544","R125",20240406,"triangles",25.00636,-80.44709,"SSID"
"545","R126",20240406,"triangles",25.00636,-80.44709,"PAST"
"546","R127",20240406,"triangles",25.00636,-80.44709,"SSID"
"547","R128",20240406,"triangles",25.00636,-80.44709,"SRAD"
"548","R129",20240406,"triangles",25.00636,-80.44709,"DLAB"
"549","R130",20240406,"triangles",25.00636,-80.44709,"OFAV"
"550","R131",20240406,"triangles",25.00636,-80.44709,"MCAV"
"551","R132",20240406,"triangles",25.00636,-80.44709,"SRAD"
"552","R134",20240406,"triangles",25.00636,-80.44709,"MCAV"
"553","R135",20240406,"triangles",25.00636,-80.44709,"OFAV"
"554","R136",20240406,"triangles",25.00636,-80.44709,"OFAV"
"555","R137",20240406,"triangles",25.00636,-80.44709,"OFAV"
"556","R138",20240406,"Outer Reef/SS11",25.118227,-80.282466,"OFAV"
"557","R139",20240406,"Outer Reef/SS11",25.118227,-80.282466,"SRAD"
"558","R140",20240406,"Outer Reef/SS11",25.118227,-80.282466,"PAST"
"559","R141",20240406,"Outer Reef/SS11",25.118227,-80.282466,"SSID"
"560","R142",20240406,"Outer Reef/SS11",25.118227,-80.282466,"PAST"
"561","R143",20240406,"Outer Reef/SS11",25.118227,-80.282466,"PAST"
"562","R144",20240406,"Outer Reef/SS11",25.118227,-80.282466,"SSID"
"563","R145",20240406,"Outer Reef/SS11",25.118227,-80.282466,"MCAV"
"564","R146",20240406,"Outer Reef/SS11",25.118227,-80.282466,"PAST"
"565","R147",20240406,"Outer Reef/SS11",25.118227,-80.282466,"SINT"
"566","R148",20240406,"Little Grecian",25.11895,-80.300412,"SINT"
"567","R149",20240406,"Little Grecian",25.11895,-80.300412,"PCLI"
"568","R150",20240406,"Little Grecian",25.11895,-80.300412,"SSID"
"569","R151",20240406,"triangles",25.00636,-80.44709,"OFAV"
"570","R152",20240406,"triangles",25.00636,-80.44709,"SBOU"
"571","R153",20240406,"triangles",25.00636,-80.44709,"SBOU"
"572","R154",20240406,"triangles",25.00636,-80.44709,"SSID"
"573","R155",20240406,"triangles",25.00636,-80.44709,"MCAV"
"574","R156",20240406,"triangles",25.00636,-80.44709,"DLAB"
"575","R157",20240406,"triangles",25.00636,-80.44709,"SBOU"
"576","R158",20240406,"triangles",25.00636,-80.44709,"MCAV"
"577","R159",20240406,"triangles",25.00636,-80.44709,"MCAV"
"578","R160",20240406,"triangles",25.00636,-80.44709,"PAST"
"579","R161",20240406,"triangles",25.00636,-80.44709,"PAST"
"580","R162",20240406,"triangles",25.00636,-80.44709,"PAST"
"581","R163",20240406,"triangles",25.00636,-80.44709,"CNAT"
"582","R164",20240406,"triangles",25.00636,-80.44709,"PAST"
"583","R165",20240406,"triangles",25.00636,-80.44709,"PSTR"
"584","R166",20240406,"Cheeca Rocks-Ball2",24.90468,-80.61573,"SRAD"
"585","R167",20240406,"Cheeca Rocks-Ball2",24.90468,-80.61573,"PAST"
"586","R168",20240406,"Cheeca Rocks-Ball2",24.90468,-80.61573,"OFAV"
"587","R169",20240406,"Cheeca Rocks-Ball2",24.90468,-80.61573,"PAST"
"588","R170",20240406,"Cheeca Rocks-Ball2",24.90468,-80.61573,"PAST"
"589","R171",20240406,"Cheeca Rocks-Ball2",24.90468,-80.61573,"PAST"
"590","R172",20240406,"Cheeca Rocks-Ball2",24.90468,-80.61573,"SINT"
"591","R173",20240406,"Cheeca Rocks-Ball2",24.90468,-80.61573,"SBOU"
"592","R174",20240406,"Cheeca Rocks-Ball2",24.90468,-80.61573,"PAST"
"593","R175",20240406,"Cheeca Rocks-Ball2",24.90468,-80.61573,"PAST"
"594","R176",20240406,"Cheeca Rocks-Ball2",24.90468,-80.61573,"PAST"
"595","R177",20240406,"Cheeca Rocks-Ball2",24.90468,-80.61573,"PAST"
"596","R178",20240406,"Cheeca Rocks-Ball2",24.90468,-80.61573,"SINT"
"597","R179",20240406,"Cheeca Rocks-Ball2",24.90468,-80.61573,"SINT"
"598","R180",20240406,"Cheeca Rocks-Ball2",24.90468,-80.61573,"SINT"
"599","R181",20240406,"triangles",25.00636,-80.44709,"SINT"
"600","R182",20240406,"triangles",25.00636,-80.44709,"SBOU"
"601","R183",20240406,"triangles",25.00636,-80.44709,"DLAB"
"602","R184",20240406,"triangles",25.00636,-80.44709,"DLAB"
"603","R185",20240406,"triangles",25.00636,-80.44709,"OFAV"
"604","R186",20240406,"Outer Reef/SS11",25.118227,-80.282466,"OFAV"
"605","R187",20240406,"Outer Reef/SS11",25.118227,-80.282466,"SSID"
"606","R188",20240406,"Outer Reef/SS11",25.118227,-80.282466,"MCAV"
"607","R189",20240406,"Outer Reef/SS11",25.118227,-80.282466,"OFAV"
"608","R190",20240406,"Outer Reef/SS11",25.118227,-80.282466,"SINT"
"609","R191",20240406,"Outer Reef/SS11",25.118227,-80.282466,"SINT"
"610","R192",20240406,"Outer Reef/SS11",25.118227,-80.282466,"DLAB"
"611","R193",20240406,"Outer Reef/SS11",25.118227,-80.282466,"MCAV"
"612","R194",20240406,"Outer Reef/SS11",25.118227,-80.282466,"SSID"
"613","R195",20240406,"Outer Reef/SS11",25.118227,-80.282466,"PAST"
"614","R196",20240406,"Little Grecian",25.11895,-80.300412,"SRAD"
"615","R197",20240406,"Little Grecian",25.11895,-80.300412,"CNAT"
"616","R198",20240406,"Little Grecian",25.11895,-80.300412,"MCAV"
"617","R199",20240406,"Little Grecian",25.11895,-80.300412,"OFAV"
"618","R200",20240406,"Little Grecian",25.11895,-80.300412,"DLAB"
"619","R201",20240406,"Little Grecian",25.11895,-80.300412,"DLAB"
"620","R202",20240406,"Little Grecian",25.11895,-80.300412,"OFAV"
"621","R203",20240406,"Little Grecian",25.11895,-80.300412,"DLAB"
"622","R204",20240406,"Little Grecian",25.11895,-80.300412,"DLAB"
"623","R205",20240406,"Little Grecian",25.11895,-80.300412,"MCAV"
"624","R206",20240406,"Cheeca Rocks",24.90468,-80.61573,"OFAV"
"625","R207",20240406,"Cheeca Rocks",24.90468,-80.61573,"OFAV"
"626","R208",20240406,"Cheeca Rocks",24.90468,-80.61573,"OFAV"
"627","R209",20240406,"Cheeca Rocks",24.90468,-80.61573,"OFAV"
"628","R210",20240406,"Cheeca Rocks",24.90468,-80.61573,"OFAV"
"629","R211",20240406,"Cheeca Rocks",24.90468,-80.61573,"OFAV"
"630","R212",20240406,"Cheeca Rocks",24.90468,-80.61573,"OFAV"
"631","R213",20240406,"Cheeca Rocks",24.90468,-80.61573,"OFAV"
"632","R214",20240406,"Cheeca Rocks",24.90468,-80.61573,"MCAV"
"633","R215",20240406,"Cheeca Rocks",24.90468,-80.61573,"OFAV"
"634","R216",20240406,"Cheeca Rocks",24.90468,-80.61573,"OFAV"
"635","R217",20240406,"Cheeca Rocks",24.90468,-80.61573,"MCAV"
"636","R218",20240406,"Cheeca Rocks",24.90468,-80.61573,"OFAV"
"637","R219",20240406,"Cheeca Rocks",24.90468,-80.61573,"OFAV"
"638","R220",20240406,"Hens and Chickens",24.933887,-80.549855,"PAST"
"639","R221",20240406,"Hens and Chickens",24.933887,-80.549855,"OFAV"
"640","R222",20240406,"Hens and Chickens",24.933887,-80.549855,"OFAV"
"641","R223",20240406,"Hens and Chickens",24.933887,-80.549855,"PAST"
"642","R224",20240406,"Hens and Chickens",24.933887,-80.549855,"MCAV"
"643","R225",20240406,"Hens and Chickens",24.933887,-80.549855,"PAST"
"644","R226",20240406,"Hens and Chickens",24.933887,-80.549855,"OFAV"
"645","R227",20240406,"Hens and Chickens",24.933887,-80.549855,"MCAV"
"646","R228",20240406,"Hens and Chickens",24.933887,-80.549855,"MCAV"
"647","R229",20240406,"Hens and Chickens",24.933887,-80.549855,"PAST"
"648","R230",20240406,"Hens and Chickens",24.933887,-80.549855,"OFAV"
"649","R231",20240406,"Hens and Chickens",24.933887,-80.549855,"OFAV"
"650","R232",20240406,"Hens and Chickens",24.933887,-80.549855,"MCAV"
"651","R233",20240406,"Hens and Chickens",24.933887,-80.549855,"MCAV"
"652","R234",20240406,"Hens and Chickens",24.933887,-80.549855,"PAST"
"653","R242",20240406,"Horseshoe",25.13929,-80.295114,"PAST"
"654","R243",20240406,"Horseshoe",25.13929,-80.295114,"SSID"
"655","R244",20240406,"Horseshoe",25.13929,-80.295114,"OFAV"
"656","R245",20240406,"Horseshoe",25.13929,-80.295114,"OANN"
"657","R246",20240406,"Horseshoe",25.13929,-80.295114,"OFAV"
"658","R247",20240406,"Horseshoe",25.13929,-80.295114,"OFAV"
"659","R248",20240406,"Horseshoe",25.13929,-80.295114,"OFAV"
"660","R249",20240406,"Horseshoe",25.13929,-80.295114,"OFAV"
"661","R250",20240406,"Horseshoe",25.13929,-80.295114,"SINT"
"662","R251",20240406,"Horseshoe",25.13929,-80.295114,"SRAD"
"663","R252",20240406,"Horseshoe",25.13929,-80.295114,"SINT"
"664","R253",20240406,"Horseshoe",25.13929,-80.295114,"PAST"
"665","R254",20240406,"Horseshoe",25.13929,-80.295114,"SSID"
"666","R255",20240406,"Horseshoe",25.13929,-80.295114,"SINT"
"667","R256",20240406,"Horseshoe",25.13929,-80.295114,"SSID"
"668","R257",20240406,"Horseshoe",25.13929,-80.295114,"OFAV"
"669","R258",20240406,"Horseshoe",25.13929,-80.295114,"MCAV"
"670","R259",20240406,"Horseshoe",25.13929,-80.295114,"SRAD"
"671","R260",20240406,"Horseshoe",25.13929,-80.295114,"MCAV"
"672","R261",20240406,"Horseshoe",25.13929,-80.295114,"SBOU"
"673","R262",20240406,"Horseshoe",25.13929,-80.295114,"SSID"
"674","R263",20240406,"Horseshoe",25.13929,-80.295114,"SINT"
"675","R264",20240406,"Horseshoe",25.13929,-80.295114,"MCAV"
"676","R265",20240406,"Horseshoe",25.13929,-80.295114,"OFAV"
"677","R266",20240406,"Horseshoe",25.13929,-80.295114,"CNAT"
"678","R267",20240406,"Horseshoe",25.13929,-80.295114,"SBOU"
"679","R268",20240406,"Horseshoe",25.13929,-80.295114,"SINT"
"680","R269",20240406,"Horseshoe",25.13929,-80.295114,"MCAV"
"681","R270",20240406,"Horseshoe",25.13929,-80.295114,"MCAV"
"682","R271",20240406,"Horseshoe",25.13929,-80.295114,"DLAB"
"683","R272",20240406,"Horseshoe",25.13929,-80.295114,"MCAV"
"684","R273",20240406,"Horseshoe",25.13929,-80.295114,"OFAV"
"685","R274",20240406,"Cheeca Rocks-Ball2",24.90468,-80.61573,"SINT"
"686","R275",20240406,"Cheeca Rocks-Ball2",24.90468,-80.61573,"SSID"
"687","R276",20240406,"Cheeca Rocks-Ball2",24.90468,-80.61573,"MCAV"
"688","R277",20240406,"Horseshoe",25.13929,-80.295114,"SBOU"
"689","R278",20240406,"Horseshoe",25.13929,-80.295114,"MCAV"
"690","R279",20240406,"Horseshoe",25.13929,-80.295114,"SSID"
"691","R280",20240406,"Horseshoe",25.13929,-80.295114,"OFAV"
"692","R281",20240406,"Horseshoe",25.13929,-80.295114,"MCAV"
"693","R282",20240406,"Horseshoe",25.13929,-80.295114,"MCAV"
"694","R283",20240406,"Horseshoe",25.13929,-80.295114,"OFAV"
"695","R284",20240406,"Cheeca Rocks-Ball2",24.90468,-80.61573,"PAST"
"696","R285",20240406,"Cheeca Rocks-Ball2",24.90468,-80.61573,"SINT"
"697","R286",20240406,"Cheeca Rocks-Ball2",24.90468,-80.61573,"MCAV"
"698","R287",20240406,"Cheeca Rocks-Ball2",24.90468,-80.61573,"PAST"
"699","R288",20240406,"Cheeca Rocks-Ball2",24.90468,-80.61573,"PAST"
"700","R289",20240406,"Cheeca Rocks-Ball2",24.90468,-80.61573,"PCLI"
"701","R290",20240406,"Cheeca Rocks-Ball2",24.90468,-80.61573,"PAST"
"702","R291",20240406,"Cheeca Rocks-Ball2",24.90468,-80.61573,"PAST"
"703","R292",20240406,"Cheeca Rocks-Ball2",24.90468,-80.61573,"PAST"
"704","R293",20240406,"Cheeca Rocks-Ball2",24.90468,-80.61573,"SINT"
"705","R294",20240406,"Cheeca Rocks-Ball2",24.90468,-80.61573,"PAST"
"706","R295",20240406,"Cheeca Rocks-Ball2",24.90468,-80.61573,"PAST"
"707","R296",20240406,"Cheeca Rocks-Ball2",24.90468,-80.61573,"SINT"
"708","R297",20240406,"Cheeca Rocks-Ball2",24.90468,-80.61573,"PAST"
"709","R298",20240406,"Cheeca Rocks-Ball2",24.90468,-80.61573,"SINT"
"710","R299",20240406,"Cheeca Rocks-Ball2",24.90468,-80.61573,"SINT"
"711","R300",20240406,"Cheeca Rocks-Ball2",24.90468,-80.61573,"SINT"
"712","R301",20240406,"Horseshoe",25.13929,-80.295114,"MCAV"
"713","R302",20240406,"Cheeca Rocks",24.90468,-80.61573,"PSTR"
"714","R303",20240406,"Horseshoe",25.13929,-80.295114,"OFAV"
"715","R304",20240406,"Horseshoe",25.13929,-80.295114,"OFAV"
"716","R305",20240406,"Horseshoe",25.13929,-80.295114,"MCAV"
"717","R306",20240406,"Horseshoe",25.13929,-80.295114,"MCAV"
"718","R307",20240406,"Horseshoe",25.13929,-80.295114,"MCAV"
"719","R308",20240406,"Horseshoe",25.13929,-80.295114,"OFAV"
"720","R309",20240406,"Horseshoe",25.13929,-80.295114,"OFAV"
"721","R310",20240406,"Horseshoe",25.13929,-80.295114,"OFAV"
"722","R311",20240406,"Horseshoe",25.13929,-80.295114,"OFAV"
"723","R312",20240406,"Horseshoe",25.13929,-80.295114,"MCAV"
"724","R313",20240406,"Horseshoe",25.13929,-80.295114,"OFAV"
"725","R314",20240406,"Horseshoe",25.13929,-80.295114,"MCAV"
"726","R315",20240406,"Cheeca Rocks",24.90468,-80.61573,"DLAB"
"727","R316",20240406,"Cheeca Rocks",24.90468,-80.61573,"MCAV"
"728","R317",20240406,"Cheeca Rocks",24.90468,-80.61573,"PCLI"
"729","R318",20240406,"Cheeca Rocks",24.90468,-80.61573,"PSTR"
"730","R319",20240406,"Cheeca Rocks",24.90468,-80.61573,"CNAT"
"731","R320",20240406,"Cheeca Rocks",24.90468,-80.61573,"PSTR"
"732","R321",20240406,"Cheeca Rocks",24.90468,-80.61573,"DLAB"
"733","R322",20240406,"Cheeca Rocks",24.90468,-80.61573,"DLAB"
"734","R323",20240406,"Cheeca Rocks",24.90468,-80.61573,"PCLI"
"735","R324",20240406,"Cheeca Rocks",24.90468,-80.61573,"CNAT"
"736","R325",20240406,"Cheeca Rocks",24.90468,-80.61573,"DLAB"
"737","R326",20240406,"Horseshoe",25.13929,-80.295114,"MCAV"
"738","R327",20240406,"Cheeca Rocks",24.90468,-80.61573,"CNAT"
"739","R328",20240406,"Cheeca Rocks",24.90468,-80.61573,"DLAB"
"740","R329",20240406,"Cheeca Rocks",24.90468,-80.61573,"DLAB"
"741","R330",20240406,"Cheeca Rocks",24.90468,-80.61573,"CNAT"
"742","R331",20240406,"Cheeca Rocks",24.90468,-80.61573,"DLAB"
"743","R332",20240406,"Cheeca Rocks",24.90468,-80.61573,"PSTR"
"744","R333",20240406,"Cheeca Rocks",24.90468,-80.61573,"CNAT"
"745","R334",20240406,"Cheeca Rocks",24.90468,-80.61573,"CNAT"
"746","R335",20240406,"Cheeca Rocks",24.90468,-80.61573,"DLAB"
"747","R336",20240406,"Cheeca Rocks",24.90468,-80.61573,"DLAB"
"748","R337",20240406,"Cheeca Rocks",24.90468,-80.61573,"PCLI"
"749","R338",20240406,"Cheeca Rocks",24.90468,-80.61573,"PCLI"
"750","R339",20240406,"Cheeca Rocks",24.90468,-80.61573,"DLAB"
"751","R340",20240406,"Hens and Chickens",24.933887,-80.549855,"DLAB"
"752","R341",20240406,"Hens and Chickens",24.933887,-80.549855,"DLAB"
"753","R342",20240406,"Hens and Chickens",24.933887,-80.549855,"DLAB"
"754","R343",20240406,"Hens and Chickens",24.933887,-80.549855,"CNAT"
"755","R344",20240406,"Hens and Chickens",24.933887,-80.549855,"DLAB"
"756","R345",20240406,"Hens and Chickens",24.933887,-80.549855,"CNAT"
"757","R346",20240406,"Hens and Chickens",24.933887,-80.549855,"CNAT"
"758","R347",20240406,"Hens and Chickens",24.933887,-80.549855,"DLAB"
"759","R348",20240406,"Hens and Chickens",24.933887,-80.549855,"CNAT"
"760","R349",20240406,"Hens and Chickens",24.933887,-80.549855,"DLAB"
"761","R350",20240406,"Hens and Chickens",24.933887,-80.549855,"CNAT"
"762","R351",20240406,"Hens and Chickens",24.933887,-80.549855,"CNAT"
"763","R353",20240406,"Hens and Chickens",24.933887,-80.549855,"DLAB"
"764","R354",20240406,"Hens and Chickens",24.933887,-80.549855,"DLAB"
"765","R355",20240406,"Hens and Chickens",24.933887,-80.549855,"CNAT"
"766","R356",20240406,"Hens and Chickens",24.933887,-80.549855,"CNAT"
"767","R357",20240406,"Hens and Chickens",24.933887,-80.549855,"CNAT"
"768","R358",20240406,"Hens and Chickens",24.933887,-80.549855,"DLAB"
"769","R359",20240406,"Hens and Chickens",24.933887,-80.549855,"PSTR"
"770","R360",20240406,"Hens and Chickens",24.933887,-80.549855,"DLAB"
"771","R361",20240406,"Hens and Chickens",24.933887,-80.549855,"SINT"
"772","R362",20240406,"Hens and Chickens",24.933887,-80.549855,"OFAV"
"773","R363",20240406,"Hens and Chickens",24.933887,-80.549855,"MCAV"
"774","R364",20240406,"Hens and Chickens",24.933887,-80.549855,"SINT"
"775","R365",20240406,"Hens and Chickens",24.933887,-80.549855,"CNAT"
"776","R366",20240406,"Hens and Chickens",24.933887,-80.549855,"SSID"
"777","R367",20240406,"Hens and Chickens",24.933887,-80.549855,"SBOU"
"778","R368",20240406,"Hens and Chickens",24.933887,-80.549855,"PSTR"
"779","R369",20240406,"Hens and Chickens",24.933887,-80.549855,"DLAB"
"780","R370",20240406,"Hens and Chickens",24.933887,-80.549855,"SBOU"
"781","R391",20240406,"Hens and Chickens",24.933887,-80.549855,"DLAB"
"782","R392",20240406,"Hens and Chickens",24.933887,-80.549855,"PCLI"
"783","R401",20240406,"Hens and Chickens",24.933887,-80.549855,"SBOU"
"784","R402",20240406,"Hens and Chickens",24.933887,-80.549855,"SSID"
"785","R403",20240406,"Hens and Chickens",24.933887,-80.549855,"SSID"
"786","R404",20240406,"Hens and Chickens",24.933887,-80.549855,"SINT"
"787","R405",20240406,"Hens and Chickens",24.933887,-80.549855,"SSID"
"788","R406",20240406,"Hens and Chickens",24.933887,-80.549855,"SINT"
"789","R407",20240406,"Hens and Chickens",24.933887,-80.549855,"SBOU"
"790","R408",20240406,"Hens and Chickens",24.933887,-80.549855,"SBOU"
"791","R409",20240406,"Hens and Chickens",24.933887,-80.549855,"SINT"
"792","R411",20240406,"Hens and Chickens",24.933887,-80.549855,"SRAD"
"793","R412",20240406,"Hens and Chickens",24.933887,-80.549855,"MCAV"
"794","R413",20240406,"Hens and Chickens",24.933887,-80.549855,"DLAB"
"795","R414",20240406,"Hens and Chickens",24.933887,-80.549855,"DLAB"
"796","R415",20240406,"Hens and Chickens",24.933887,-80.549855,"PCLI"
